mark;mudel;algus;lopp;link
Adria;Matrix M 680 SP;2011;...;/testid/uus?id=7617
Alfa Romeo;147;2000;2005;/testid/kasutatud?id=2011
Alfa Romeo;147;2007;...;/testid/uus?id=7431
Alfa Romeo;156;1998;2005;/testid/kasutatud?id=2187
Alfa Romeo;159;2005;2011;/testid/uus?id=7187
Alfa Romeo;159;2005;2011;/testid/kasutatud?id=2256
Alfa Romeo;166;1998;2003;/testid/kasutatud?id=2109
Alfa Romeo;Giulietta;2010;...;/testid/uus?id=7667
Alfa Romeo;Giulietta;2010;...;/testid/uus?id=7584
Alfa Romeo;GT;2007;...;/testid/uus?id=7430
Alfa Romeo;GTV;1995;2005;/testid/kasutatud?id=2198
Alfa Romeo;MiTo;2008;...;/testid/uus?id=7382
Alpina;B6;2008;...;/testid/uus?id=7374
Audi;100;1982;1990;/testid/kasutatud?id=2230
Audi;80;1991;1995;/testid/kasutatud?id=2197
Audi;A1;2010;...;/testid/uus?id=7561
Audi;A2;2000;2005;/testid/kasutatud?id=2174
Audi;A3;1996;2000;/testid/kasutatud?id=2067
Audi;A3;2005;2008;/testid/kasutatud?id=2235
Audi;A3;2012;...;/testid/uus?id=7711
Audi;A3;2013;...;/testid/uus?id=7791&ver=2
Audi;A4;2001;2004;/testid/kasutatud?id=1998
Audi;A4;2004;2007;/testid/kasutatud?id=2226
Audi;A4;2007;...;/testid/uus?id=7332
Audi;A4;2007;...;/testid/kasutatud?id=2318
Audi;A4;2009;...;/testid/uus?id=7477
Audi;A5;2007;2011;/testid/kasutatud?id=2276
Audi;A5;2009;...;/testid/uus?id=7503
Audi;A6;1997;2004;/testid/kasutatud?id=2221
Audi;A6;2004;2008;/testid/kasutatud?id=2107
Audi;A6;2008;2011;/testid/uus?id=7225
Audi;A6;2008;2011;/testid/uus?id=7407
Audi;A6;2011;...;/testid/uus?id=7609
Audi;A6;1994;1997;/testid/kasutatud?id=2004
Audi;A6;1994;1997;/testid/kasutatud?id=2095
Audi;A7;2010;...;/testid/uus?id=7580
Audi;A8;1994;1999;/testid/kasutatud?id=2051
Audi;A8;2002;2007;/testid/kasutatud?id=2131
Audi;A8;2010;...;/testid/uus?id=7554
Audi;Allroad;2000;2006;/testid/kasutatud?id=2044
Audi;Coupe;1989;1991;/testid/kasutatud?id=2038
Audi;Q3;2011;...;/testid/uus?id=7645
Audi;Q5;2008;...;/testid/uus?id=7405
Audi;Q5 Hybrid;2012;...;/testid/uus?id=7674
Audi;Q7;2006;...;/testid/kasutatud?id=2288
Audi;R8;2007;...;/testid/uus?id=7281
Audi;RS4;2006;...;/testid/uus?id=7231
Audi;S2;1990;1995;/testid/kasutatud?id=2180
Audi;S5;2007;...;/testid/uus?id=7304
Audi;S8;2006;...;/testid/uus?id=7232
Audi;SQ5;2013;...;/testid/uus?id=7763&ver=2
Audi;TT;1998;2006;/testid/kasutatud?id=2078
Audi;TT;2006;...;/testid/uus?id=7239
Audi;V8;1989;1994;/testid/kasutatud?id=2115
Bentley;Continental Supersports;2010;...;/testid/uus?id=7583
Bentley;Mulsanne;2010;...;/testid/uus?id=7564
BMW;1;2004;2007;/testid/kasutatud?id=2209
BMW;1;2011;...;/testid/uus?id=7633
BMW;1;2007;...;/testid/uus?id=7376
BMW;3;1983;1991;/testid/kasutatud?id=2046
BMW;3;1998;2005;/testid/kasutatud?id=2212
BMW;3;2004;2011;/testid/kasutatud?id=2254
BMW;3;2008;2011;/testid/uus?id=7420
BMW;3;2011;...;/testid/uus?id=7663
BMW;3;1994;2000;/testid/kasutatud?id=2201
BMW;3;2006;...;/testid/uus?id=7302
BMW;3;2006;...;/testid/uus?id=7229
BMW;3;2013;...;/testid/uus?id=7783&ver=2
BMW;4;2013;...;/testid/uus?id=7792&ver=2
BMW;5;1988;1995;/testid/kasutatud?id=2099
BMW;5;1995;2004;/testid/kasutatud?id=2188
BMW;5;2003;2007;/testid/kasutatud?id=2084
BMW;5;2007;2010;/testid/uus?id=7277
BMW;5;2010;...;/testid/uus?id=7536
BMW;5;2010;...;/testid/uus?id=7593
BMW;5;2010;...;/testid/uus?id=7718
BMW;5;2009;...;/testid/uus?id=7499
BMW;5;2010;...;/testid/uus?id=7548
BMW;6;1982;1989;/testid/kasutatud?id=2053
BMW;6;2011;...;/testid/uus?id=7653
BMW;6;2011;...;/testid/uus?id=7610
BMW;6;2012;...;/testid/uus?id=7697
BMW;7;1994;2001;/testid/kasutatud?id=2291
BMW;7;2001;2005;/testid/kasutatud?id=2277
BMW;7;2008;2013;/testid/uus?id=7419
BMW;7;2013;...;/testid/uus?id=7761&ver=2
BMW;8;1989;1999;/testid/kasutatud?id=2303
BMW;Z3;1995;2002;/testid/kasutatud?id=2240
BMW;Z4;2009;...;/testid/uus?id=7470
BMW;X1;2009;...;/testid/uus?id=7512
BMW;X3;2004;2010;/testid/kasutatud?id=2335
BMW;X3;2006;...;/testid/uus?id=7226
BMW;X3;2010;...;/testid/uus?id=7576
BMW;X5;2003;2007;/testid/kasutatud?id=2070
BMW;X5;2007;2013;/testid/kasutatud?id=2311
BMW;X5;2007;2013;/testid/uus?id=7268
BMW;X5;2013;...;/testid/uus?id=7805&ver=2
BMW;X6;2008;...;/testid/uus?id=7389
Brilliance;BS6;2008;...;/testid/uus?id=7367
Cadillac;ATS;2013;...;/testid/uus?id=7751&ver=2
Cadillac;BLS;2006;...;/testid/uus?id=7203
Cadillac;CTS;2007;...;/testid/uus?id=7349
Cadillac;CTS-V;2013;...;/testid/uus?id=7769&ver=2
Cadillac;DeVille;1989;1993;/testid/kasutatud?id=2060
Cadillac;Escalade;2006;2008;/testid/uus?id=7249
Cadillac;Seville;1992;2004;/testid/kasutatud?id=2289
Cadillac;SRX;2013;...;/testid/uus?id=7747&ver=2
Cadillac;STS;2005;...;/testid/uus?id=7166
Chevrolet;Aveo;2002;2008;/testid/kasutatud?id=2219
Chevrolet;Aveo;2006;...;/testid/uus?id=7162
Chevrolet;Aveo;2006;...;/testid/uus?id=7350
Chevrolet;Aveo;2011;...;/testid/uus?id=7649
Chevrolet;Aveo;2011;...;/testid/uus?id=7624
Chevrolet;Camaro;2011;...;/testid/uus?id=7642
Chevrolet;Captiva;2006;...;/testid/uus?id=7206
Chevrolet;Captiva;2011;...;/testid/uus?id=7601
Chevrolet;Colorado;2006;...;/testid/uus?id=7164
Chevrolet;Corvette;1998;2004;/testid/kasutatud?id=2156
Chevrolet;Cruze;2009;...;/testid/uus?id=7447
Chevrolet;Cruze;2009;...;/testid/uus?id=7643
Chevrolet;Cruze;2012;...;/testid/uus?id=7712
Chevrolet;Epica;2006;...;/testid/uus?id=7221
Chevrolet;Epica;2006;...;/testid/uus?id=7273
Chevrolet;HHR;2007;...;/testid/uus?id=7432
Chevrolet;Lacetti;2005;...;/testid/kasutatud?id=2153
Chevrolet;Lacetti;2005;...;/testid/uus?id=7271
Chevrolet;Malibu;2012;...;/testid/uus?id=7716
Chevrolet;Malibu;2012;...;/testid/uus?id=7688
Chevrolet;Orlando;2010;...;/testid/uus?id=7589
Chevrolet;Spark;2005;...;/testid/uus?id=7433
Chevrolet;Spark;2009;...;/testid/uus?id=7530
Chevrolet;Tahoe;2000;2006;/testid/kasutatud?id=2255
Chevrolet;Trans Sport;1997;2005;/testid/kasutatud?id=2190
Chevrolet;Trax;2013;...;/testid/uus?id=7797&ver=2
Chevrolet;Volt;2011;...;/testid/uus?id=7605
Chrysler;300M;1998;2004;/testid/kasutatud?id=2014
Chrysler;Concorde;1998;2004;/testid/kasutatud?id=2039
Chrysler;Grand Voyager;2008;2011;/testid/kasutatud?id=2340
Chrysler;Grand Voyager;2013;...;/testid/uus?id=7746&ver=2
Chrysler;Neon;1999;2003;/testid/kasutatud?id=2085
Chrysler;PT Cruiser;2000;2006;/testid/kasutatud?id=2047
Chrysler;Sebring;2001;2003;/testid/kasutatud?id=1993
Chrysler;Sebring;2007;...;/testid/kasutatud?id=2312
Chrysler;Stratus;1995;2001;/testid/kasutatud?id=2232
Chrysler;Voyager;2001;2004;/testid/kasutatud?id=2101
Citroen;Berlingo;2008;...;/testid/uus?id=7370
Citroen;C1;2005;2008;/testid/kasutatud?id=2223
Citroen;C2;2003;2008;/testid/kasutatud?id=2100
Citroen;C3;2002;2005;/testid/kasutatud?id=2074
Citroen;C3;2009;...;/testid/uus?id=7524
Citroen;C3 Picasso;2009;...;/testid/uus?id=7451
Citroen;C4;2004;2008;/testid/kasutatud?id=2119
Citroen;C4;2011;...;/testid/uus?id=7598
Citroen;C4;2012;...;/testid/uus?id=7695
Citroen;C4 Picasso;2007;...;/testid/uus?id=7241
Citroen;C4 Picasso;2007;...;/testid/kasutatud?id=2295
Citroen;C5;2001;2004;/testid/kasutatud?id=2135
Citroen;C5;2008;...;/testid/uus?id=7354
Citroen;C5;2008;...;/testid/kasutatud?id=2343
Citroen;C-Zero;2011;...;/testid/uus?id=7607
Citroen;DS3;2010;...;/testid/uus?id=7535
Citroen;DS5;2012;...;/testid/uus?id=7701
Citroen;Xsara;1997;2004;/testid/kasutatud?id=2239
Citroen;Xsara Picasso;2000;2004;/testid/kasutatud?id=2169
Corvette;C6;2004;...;/testid/uus?id=7344
Dacia;Dokker;2012;...;/testid/uus?id=7700
Dacia;Duster;2010;...;/testid/uus?id=7579
Dacia;Duster;2013;...;/testid/uus?id=7800&ver=2
Dacia;Lodgy;2012;...;/testid/uus?id=7726
Dacia;Logan;2005;2008;/testid/kasutatud?id=2106
Dacia;Logan;2005;2008;/testid/uus?id=7189
Dacia;Logan;2012;...;/testid/uus?id=7738&ver=2
Dacia;Logan MCV;2008;...;/testid/uus?id=7248
Dacia;Sandero;2008;2012;/testid/uus?id=7383
Dacia;Sandero;2012;...;/testid/uus?id=7737&ver=2
Dacia;Sandero Stepway;2009;...;/testid/uus?id=7505
Daewoo;Lanos;1997;2002;/testid/kasutatud?id=2177
Dodge;Avenger;2007;...;/testid/uus?id=7267
Dodge;Caliber;2005;2011;/testid/kasutatud?id=2270
Dodge;Durango;2014;...;/testid/uus?id=7807&ver=2
Dodge;Journey;2008;...;/testid/uus?id=7429
Dodge;Nitro;2007;...;/testid/uus?id=7272
Dodge;Ram;2002;2009;/testid/kasutatud?id=2129
Fiat;500;2007;...;/testid/uus?id=7356
Fiat;500L;2013;...;/testid/uus?id=7739&ver=2
Fiat;Albea;2007;...;/testid/uus?id=7292
Fiat;Bravo;2007;...;/testid/uus?id=7436
Fiat;Coupe;1994;2000;/testid/kasutatud?id=2082
Fiat;Doblo;2001;2008;/testid/kasutatud?id=2227
Fiat;Doblo;2011;...;/testid/uus?id=7604
Fiat;Doblo;2013;...;/testid/uus?id=7742&ver=2
Fiat;Fiorino;2008;...;/testid/uus?id=7355
Fiat;Freemont;2012;...;/testid/uus?id=7682
Fiat;Grande Punto;2004;2009;/testid/kasutatud?id=2206
Fiat;Grande Punto;2006;2008;/testid/uus?id=7181
Fiat;Marea;1996;2002;/testid/kasutatud?id=2181
Fiat;Panda;2003;...;/testid/uus?id=7437
Fiat;Panda;2003;...;/testid/kasutatud?id=2133
Fiat;Punto;2010;...;/testid/uus?id=7560
Fiat;Sedici;2007;...;/testid/uus?id=7310
Fiat;Stilo;2001;2006;/testid/kasutatud?id=1986
Ford;B-Max;2012;...;/testid/uus?id=7749&ver=2
Ford;C-MAX;2007;...;/testid/uus?id=7303
Ford;C-MAX;2011;...;/testid/uus?id=7603
Ford;Escort;1990;2000;/testid/kasutatud?id=2200
Ford;Fiesta;1995;1999;/testid/kasutatud?id=2012
Ford;Fiesta;2005;2008;/testid/kasutatud?id=2112
Ford;Fiesta;2005;2008;/testid/uus?id=7170
Ford;Fiesta;2009;...;/testid/uus?id=7475
Ford;Fiesta;2013;...;/testid/uus?id=7766&ver=2
Ford;Focus;1998;2004;/testid/kasutatud?id=2330
Ford;Focus;2004;2008;/testid/kasutatud?id=2160
Ford;Focus;2008;...;/testid/uus?id=7190
Ford;Focus;2008;...;/testid/uus?id=7338
Ford;Focus;2008;...;/testid/uus?id=7464
Ford;Focus;2011;...;/testid/uus?id=7596
Ford;Focus;2012;...;/testid/uus?id=7693
Ford;Focus;2012;...;/testid/uus?id=7725
Ford;Fusion;2002;2012;/testid/kasutatud?id=2290
Ford;Galaxy;2000;2006;/testid/kasutatud?id=2228
Ford;Ka;2008;...;/testid/uus?id=7410
Ford;Kuga;2008;2013;/testid/uus?id=7387
Ford;Kuga;2013;...;/testid/kasutatud?id=2310
Ford;Kuga;2013;...;/testid/uus?id=7752&ver=2
Ford;Mondeo;1996;2000;/testid/kasutatud?id=1987
Ford;Mondeo;2000;2007;/testid/kasutatud?id=2339
Ford;Mondeo;2007;...;/testid/kasutatud?id=2247
Ford;Mondeo;2007;...;/testid/uus?id=7434
Ford;Mondeo;2010;...;/testid/uus?id=7567
Ford;Mondeo;2000;2003;/testid/kasutatud?id=2125
Ford;Mustang;1994;2004;/testid/kasutatud?id=2192
Ford;Mustang;2004;2009;/testid/kasutatud?id=2266
Ford;Puma;1997;2001;/testid/kasutatud?id=2184
Ford;Ranger;2011;...;/testid/uus?id=7689
Ford;Scorpio;1994;1997;/testid/kasutatud?id=2147
Ford;Sierra;1987;1990;/testid/kasutatud?id=2052
Ford;S-MAX;2005;2010;/testid/kasutatud?id=2273
Ford;S-MAX;2005;2010;/testid/uus?id=7209
Ford;S-MAX;2010;...;/testid/uus?id=7526
Ford;Super Duty;1998;2005;/testid/kasutatud?id=2220
Ford;Tourneo Connect;2013;...;/testid/uus?id=7798&ver=2
Ford;Tourneo Custom;2013;...;/testid/uus?id=7779&ver=2
Ford;Transit;1970;...;/testid/uus?id=7188
Ford;Transit;2009;...;/testid/uus?id=7492
Ford;Transit;2011;...;/testid/uus?id=7636
Ford;Transit Connect;2009;...;/testid/uus?id=7493
Ford;Windstar;1995;1999;/testid/kasutatud?id=2035
GAZ;31105;1970;...;/testid/uus?id=7282
Hobby;Siesta;2007;...;/testid/uus?id=7462
Honda;Accord;1977;1981;/testid/kasutatud?id=2057
Honda;Accord;1996;1998;/testid/kasutatud?id=2077
Honda;Accord;1998;2003;/testid/kasutatud?id=2237
Honda;Accord;2003;2005;/testid/kasutatud?id=2066
Honda;Accord;2005;2008;/testid/uus?id=7163
Honda;Accord;2008;2011;/testid/kasutatud?id=2302
Honda;Accord;2008;2011;/testid/uus?id=7360
Honda;Accord;2011;...;/testid/uus?id=7623
Honda;Civic;1995;2001;/testid/kasutatud?id=2104
Honda;Civic;2000;2006;/testid/kasutatud?id=2267
Honda;Civic;2005;...;/testid/uus?id=7167
Honda;Civic;2005;...;/testid/kasutatud?id=2213
Honda;Civic;2008;...;/testid/uus?id=7256
Honda;Civic;2011;...;/testid/uus?id=7745&ver=2
Honda;Civic;2011;...;/testid/uus?id=7696
Honda;Civic;2011;...;/testid/uus?id=7652
Honda;Civic;2013;...;/testid/uus?id=7802&ver=2
Honda;CR-Z;2010;...;/testid/uus?id=7543
Honda;CR-V;1997;2002;/testid/kasutatud?id=1991
Honda;CR-V;2002;2006;/testid/kasutatud?id=2138
Honda;CR-V;2007;...;/testid/uus?id=7240
Honda;CR-V;2009;2012;/testid/uus?id=7520
Honda;CR-V;2009;2012;/testid/kasutatud?id=2253
Honda;CR-V;2012;...;/testid/uus?id=7709
Honda;CR-V;2012;...;/testid/uus?id=7782&ver=2
Honda;FCX Clarity;2010;...;/testid/uus?id=7555
Honda;FR-V;2004;2009;/testid/kasutatud?id=2202
Honda;FR-V;2007;...;/testid/uus?id=7435
Honda;HR-V;1998;2005;/testid/kasutatud?id=2231
Honda;Insight;2009;...;/testid/uus?id=7454
Honda;Jazz;2004;2008;/testid/kasutatud?id=2072
Honda;Jazz;2008;...;/testid/kasutatud?id=2320
Honda;Jazz;2008;...;/testid/uus?id=7392
Honda;Legend;1996;2005;/testid/kasutatud?id=2122
Honda;Legend;2006;2008;/testid/uus?id=7210
Honda;Legend;2006;2008;/testid/uus?id=7237
Honda;Prelude;1992;1996;/testid/kasutatud?id=2024
Honda;Prelude;1996;2000;/testid/kasutatud?id=2163
Honda;Ridgeline;1970;...;/testid/uus?id=7297
Honda;Shuttle;1995;2001;/testid/kasutatud?id=2179
Honda;Stream;2001;2005;/testid/kasutatud?id=2091
Hummer;H2;2004;...;/testid/kasutatud?id=2025
Hummer;H3;2007;...;/testid/uus?id=7442
Hyundai;Accent;2006;...;/testid/uus?id=7212
Hyundai;Coupe;1996;2001;/testid/kasutatud?id=2007
Hyundai;Coupe;2001;2009;/testid/uus?id=7283
Hyundai;Coupe;2001;2009;/testid/kasutatud?id=2285
Hyundai;Galloper;1991;2002;/testid/kasutatud?id=2023
Hyundai;Genesis;2011;...;/testid/uus?id=7613
Hyundai;Getz;2002;2005;/testid/kasutatud?id=2054
Hyundai;Getz;2002;2008;/testid/kasutatud?id=2334
Hyundai;Getz;2005;2008;/testid/uus?id=7440
Hyundai;I20;2009;...;/testid/uus?id=7448
Hyundai;I30;2007;2012;/testid/uus?id=7329
Hyundai;I30;2007;2012;/testid/kasutatud?id=2341
Hyundai;I30;2007;2012;/testid/uus?id=7313
Hyundai;I30;2007;2012;/testid/uus?id=7362
Hyundai;I30;2012;...;/testid/uus?id=7684
Hyundai;I30;2010;...;/testid/uus?id=7528
Hyundai;I30;2010;...;/testid/uus?id=7557
Hyundai;I30;2012;...;/testid/uus?id=7714
Hyundai;i40;2011;...;/testid/uus?id=7640
Hyundai;i40;2011;...;/testid/uus?id=7678
Hyundai;i40;2011;...;/testid/uus?id=7656
Hyundai;ix20;2011;...;/testid/uus?id=7626
Hyundai;ix35;2010;...;/testid/uus?id=7750&ver=2
Hyundai;ix35;2010;...;/testid/uus?id=7542
Hyundai;ix35;2014;...;/testid/uus?id=7811&ver=2
Hyundai;Santa Fe;2000;2006;/testid/kasutatud?id=2218
Hyundai;Santa Fe;2006;2012;/testid/kasutatud?id=2278
Hyundai;Santa Fe;2006;...;/testid/uus?id=7175
Hyundai;Santa Fe;2012;...;/testid/uus?id=7713
Hyundai;Sonata;2001;2005;/testid/kasutatud?id=2083
Hyundai;Sonata;2005;2008;/testid/kasutatud?id=2203
Hyundai;Sonata;2008;...;/testid/uus?id=7213
Hyundai;Terracan;2004;2007;/testid/kasutatud?id=2126
Hyundai;Trajet;2000;2004;/testid/kasutatud?id=2161
Hyundai;Veloster;2011;...;/testid/uus?id=7639
Infiniti;G37x;1970;...;/testid/uus?id=7414
Isuzu;D-Max;2007;...;/testid/uus?id=7176
Isuzu;D-Max;2007;...;/testid/uus?id=7296
Isuzu;D-Max;2007;...;/testid/kasutatud?id=2344
Isuzu;D-Max;2012;...;/testid/uus?id=7710
Iveco;Massif;1970;...;/testid/uus?id=7352
Iveco;F-Type;2013;...;/testid/uus?id=7775&ver=2
Iveco;S-Type;1999;2002;/testid/kasutatud?id=2150
Iveco;XF;2008;...;/testid/uus?id=7365
Iveco;XF;2011;...;/testid/uus?id=7627
Iveco;XF;2013;...;/testid/uus?id=7759&ver=2
Iveco;XJ;1986;1994;/testid/kasutatud?id=2056
Iveco;XJ;1994;1997;/testid/kasutatud?id=2136
Iveco;XJ;2003;2007;/testid/kasutatud?id=2097
Iveco;XK;2009;...;/testid/uus?id=7198
Iveco;XKR;2011;...;/testid/uus?id=7638
Iveco;X-Type;2001;2008;/testid/kasutatud?id=2073
Iveco;X-Type;2008;...;/testid/uus?id=7378
Jeep;Commander;2006;...;/testid/uus?id=7178
Jeep;Grand Cherokee;1992;1998;/testid/kasutatud?id=2250
Jeep;Grand Cherokee;2001;2003;/testid/kasutatud?id=2079
Jeep;Grand Cherokee;2004;2011;/testid/kasutatud?id=2300
Jeep;Grand Cherokee;2011;...;/testid/uus?id=7670
Jeep;Grand Cherokee;2011;...;/testid/uus?id=7592
Jeep;Wrangler;1997;2007;/testid/kasutatud?id=2317
KIA;Carens;2006;...;/testid/uus?id=7224
KIA;Carens;2013;...;/testid/uus?id=7774&ver=2
KIA;Carnival;2006;2011;/testid/uus?id=7218
KIA;Carnival;2006;2011;/testid/kasutatud?id=2283
KIA;Cee'd;2007;...;/testid/kasutatud?id=2245
KIA;Cee'd;2007;...;/testid/uus?id=7259
KIA;Cee'd;2013;...;/testid/uus?id=7793&ver=2
KIA;Joice;1999;2003;/testid/kasutatud?id=1984
KIA;Magentis;2006;2008;/testid/uus?id=7215
KIA;Optima;2012;...;/testid/uus?id=7668
KIA;Picanto;2011;...;/testid/uus?id=7634
KIA;Pro_Cee'd;2008;...;/testid/uus?id=7345
KIA;Rio;2012;...;/testid/uus?id=7676
KIA;Sorento;2002;2009;/testid/kasutatud?id=2315
KIA;Sorento;2006;...;/testid/uus?id=7236
KIA;Sorento;2009;...;/testid/uus?id=7511
KIA;Sorento;2013;...;/testid/uus?id=7754&ver=2
KIA;Sportage;2004;2010;/testid/kasutatud?id=2191
KIA;Sportage;2010;...;/testid/uus?id=7562
Kombat;T98;2010;...;/testid/uus?id=7521
Lada;110;1994;2007;/testid/kasutatud?id=2292
Lada;Kalina;2006;...;/testid/uus?id=7408
Lada;Priora;2008;...;/testid/uus?id=7411
Lamborghini;Gallardo;2003;...;/testid/uus?id=7397
Lamborghini;Gallardo;2003;...;/testid/uus?id=7286
Lamborghini;Gallardo;2010;...;/testid/uus?id=7531
Lancia;Voyager;2013;...;/testid/uus?id=7781&ver=2
Land Rover;Discovery;1990;1994;/testid/kasutatud?id=2005
Land Rover;Discovery;2004;2009;/testid/kasutatud?id=2208
Land Rover;Discovery;2009;...;/testid/uus?id=7525
Land Rover;Freelander;1997;2006;/testid/kasutatud?id=2167
Land Rover;Freelander;2006;...;/testid/kasutatud?id=2269
Land Rover;Range Rover;2013;...;/testid/uus?id=7756&ver=2
Land Rover;Range Rover Evoque;2011;...;/testid/uus?id=7662
Land Rover;Range Rover Sport;2013;...;/testid/uus?id=7799&ver=2
Landwind;2.4L;1970;â€¦;/testid/uus?id=7180
Lexus;CT 200h;2011;...;/testid/uus?id=7602
Lexus;GS;1997;2000;/testid/kasutatud?id=2001
Lexus;GS;2005;2012;/testid/uus?id=7207
Lexus;GS;2005;2012;/testid/kasutatud?id=2268
Lexus;GS;2007;...;/testid/uus?id=7361
Lexus;GS;2011;...;/testid/uus?id=7658
Lexus;IS;1999;2005;/testid/kasutatud?id=2338
Lexus;IS;2005;2009;/testid/uus?id=7160
Lexus;IS;2005;2009;/testid/uus?id=7340
Lexus;IS;2005;2009;/testid/kasutatud?id=2225
Lexus;LS;2000;2003;/testid/kasutatud?id=2307
Lexus;LS;2006;...;/testid/uus?id=7245
Lexus;LS;2006;...;/testid/uus?id=7295
Lexus;RX;2000;2003;/testid/kasutatud?id=2121
Lexus;RX;2003;2009;/testid/uus?id=7192
Lexus;RX;2003;2009;/testid/kasutatud?id=2284
Lexus;RX;2009;...;/testid/uus?id=7457
Lexus;RX;2009;...;/testid/uus?id=7730
Lincoln;Navigator;1970;...;/testid/uus?id=7258
Lotus;Europa;2006;...;/testid/uus?id=7321
Maserati;GranCabrio;2011;...;/testid/uus?id=7631
Maserati;Quattroporte;2008;...;/testid/uus?id=7449
Maserati;Quattroporte;2013;...;/testid/uus?id=7773&ver=2
Mazda;2;2002;2007;/testid/kasutatud?id=2244
Mazda;2;2007;...;/testid/uus?id=7375
Mazda;2;2007;...;/testid/uus?id=7311
Mazda;2;2011;...;/testid/uus?id=7594
Mazda;3;2003;2009;/testid/kasutatud?id=2333
Mazda;3;2006;2009;/testid/uus?id=7205
Mazda;3;2006;2009;/testid/uus?id=7252
Mazda;3;2009;2013;/testid/uus?id=7421
Mazda;3;2009;2013;/testid/uus?id=7516
Mazda;3;2013;...;/testid/uus?id=7785&ver=2
Mazda;323;1998;2003;/testid/kasutatud?id=2216
Mazda;3;2009;...;/testid/uus?id=7494
Mazda;5;2005;2010;/testid/kasutatud?id=2185
Mazda;5;2008;...;/testid/uus?id=7385
Mazda;5;2010;...;/testid/uus?id=7574
Mazda;6;2002;2005;/testid/kasutatud?id=2021
Mazda;6;2007;...;/testid/uus?id=7319
Mazda;6;2007;...;/testid/kasutatud?id=2259
Mazda;6;2010;...;/testid/uus?id=7534
Mazda;6;2013;...;/testid/uus?id=7743&ver=2
Mazda;626;1997;2002;/testid/kasutatud?id=2194
Mazda;B2500;1998;2000;/testid/kasutatud?id=2000
Mazda;BT-50;2006;...;/testid/uus?id=7242
Mazda;CX-5;2012;...;/testid/uus?id=7687
Mazda;CX-7;2007;...;/testid/uus?id=7290
Mazda;CX-7;2007;...;/testid/uus?id=7500
Mazda;CX-7;2007;...;/testid/uus?id=7523
Mazda;MPV;1999;2002;/testid/kasutatud?id=2149
Mazda;MX-3;1991;1998;/testid/kasutatud?id=2031
Mazda;MX-5;1990;1998;/testid/kasutatud?id=2145
Mazda;MX-5;2001;2004;/testid/kasutatud?id=2088
Mazda;MX-5;2005;...;/testid/uus?id=7441
Mazda;MX-6;1991;1995;/testid/kasutatud?id=2041
Mazda;Premacy;2001;2005;/testid/kasutatud?id=2134
Mazda;RX-8;2003;2008;/testid/kasutatud?id=2171
Mazda;Tribute;2004;2005;/testid/kasutatud?id=2327
Mazda;Xedos 9;2001;2002;/testid/kasutatud?id=1982
Mercedes-Benz;A;1998;2004;/testid/kasutatud?id=2304
Mercedes-Benz;A;2004;2012;/testid/kasutatud?id=2279
Mercedes-Benz;A;2008;...;/testid/uus?id=7379
Mercedes-Benz;A;2012;...;/testid/uus?id=7702
Mercedes-Benz;B;2005;2008;/testid/kasutatud?id=2234
Mercedes-Benz;B;2011;...;/testid/uus?id=7664
Mercedes-Benz;Citan;2013;...;/testid/uus?id=7744&ver=2
Mercedes-Benz;C;1993;2000;/testid/kasutatud?id=2189
Mercedes-Benz;C;2000;2004;/testid/kasutatud?id=2075
Mercedes-Benz;C;2007;...;/testid/uus?id=7269
Mercedes-Benz;C;2007;...;/testid/uus?id=7275
Mercedes-Benz;C;2011;...;/testid/kasutatud?id=2263
Mercedes-Benz;C;2011;...;/testid/uus?id=7620
Mercedes-Benz;C;2007;...;/testid/uus?id=7327
Mercedes-Benz;CLA;2013;...;/testid/uus?id=7762&ver=2
Mercedes-Benz;CLC;2008;...;/testid/uus?id=7366
Mercedes-Benz;CLK;1997;1999;/testid/kasutatud?id=2116
Mercedes-Benz;CLS;2004;2011;/testid/kasutatud?id=2328
Mercedes-Benz;CLS;2008;2011;/testid/uus?id=7368
Mercedes-Benz;CLS;2011;...;/testid/uus?id=7625
Mercedes-Benz;CLS;2012;...;/testid/uus?id=7728
Mercedes-Benz;E;2009;...;/testid/uus?id=7443
Mercedes-Benz;E;2013;...;/testid/uus?id=7758&ver=2
Mercedes-Benz;Econic;2011;...;/testid/uus?id=7665
Mercedes-Benz;E;1984;1996;/testid/kasutatud?id=2128
Mercedes-Benz;E;1995;1999;/testid/kasutatud?id=2009
Mercedes-Benz;E;2002;2006;/testid/kasutatud?id=2111
Mercedes-Benz;E;2006;2009;/testid/uus?id=7208
Mercedes-Benz;E;2013;...;/testid/uus?id=7753&ver=2
Mercedes-Benz;E;2009;...;/testid/uus?id=7463
Mercedes-Benz;GL;2013;...;/testid/uus?id=7757&ver=2
Mercedes-Benz;GLK;2012;...;/testid/uus?id=7732
Mercedes-Benz;GLK;2008;...;/testid/uus?id=7386
Mercedes-Benz;M;1997;2005;/testid/kasutatud?id=2186
Mercedes-Benz;M;2011;...;/testid/uus?id=7654
Mercedes-Benz;R;2006;...;/testid/uus?id=7171
Mercedes-Benz;S;1979;1991;/testid/kasutatud?id=2196
Mercedes-Benz;S;1993;1998;/testid/kasutatud?id=1996
Mercedes-Benz;S;1998;2002;/testid/kasutatud?id=2148
Mercedes-Benz;S;2005;2013;/testid/kasutatud?id=2298
Mercedes-Benz;S;2013;...;/testid/uus?id=7787&ver=2
Mercedes-Benz;SL;1989;1993;/testid/kasutatud?id=1980
Mercedes-Benz;SLK;1996;2004;/testid/kasutatud?id=2224
Mercedes-Benz;Sprinter;2006;...;/testid/uus?id=7211
Mercedes-Benz;Viano;2010;...;/testid/uus?id=7575
Mercedes-Benz;Vito;1970;...;/testid/uus?id=7183
Mini;Cooper;2000;...;/testid/uus?id=7280
Mini;Cooper;2000;...;/testid/uus?id=7244
Mini;Cooper;2000;...;/testid/kasutatud?id=2118
Mini;Countryman;2010;...;/testid/uus?id=7569
Mini;Coupe;2011;...;/testid/uus?id=7648
Mini;John Cooper Works;1970;...;/testid/uus?id=7398
Mini;John Cooper Works Countryman;2013;...;/testid/uus?id=7778&ver=2
Mitsubishi;ASX;2010;...;/testid/uus?id=7558
Mitsubishi;Carisma;1999;2005;/testid/kasutatud?id=2027
Mitsubishi;Carisma;2001;2005;/testid/kasutatud?id=2297
Mitsubishi;Colt;1988;1992;/testid/kasutatud?id=2008
Mitsubishi;Colt;2004;2008;/testid/kasutatud?id=2241
Mitsubishi;Colt;2008;...;/testid/uus?id=7422
Mitsubishi;Eclipse;1992;1996;/testid/kasutatud?id=2204
Mitsubishi;Fuso;1970;...;/testid/uus?id=7223
Mitsubishi;Galant;1993;1997;/testid/kasutatud?id=2168
Mitsubishi;Galant;1997;2001;/testid/kasutatud?id=2043
Mitsubishi;Grandis;2004;...;/testid/uus?id=7165
Mitsubishi;Grandis;2004;...;/testid/kasutatud?id=2096
Mitsubishi;i-MiEV;2010;...;/testid/uus?id=7541
Mitsubishi;i-MiEV;2010;...;/testid/uus?id=7671
Mitsubishi;L200;1970;...;/testid/uus?id=7182
Mitsubishi;L200;1996;2005;/testid/kasutatud?id=2205
Mitsubishi;Lancer;2003;2005;/testid/kasutatud?id=2151
Mitsubishi;Lancer;2007;...;/testid/kasutatud?id=2314
Mitsubishi;Lancer;2007;...;/testid/uus?id=7324
Mitsubishi;Lancer;2008;...;/testid/uus?id=7416
Mitsubishi;Outlander;2003;2006;/testid/kasutatud?id=2124
Mitsubishi;Outlander;2010;2012;/testid/uus?id=7529
Mitsubishi;Outlander;2012;...;/testid/uus?id=7719
Mitsubishi;Outlander;2013;...;/testid/uus?id=7808&ver=2
Mitsubishi;Pajero;2006;...;/testid/uus?id=7257
Mitsubishi;Pajero Sport;2002;2008;/testid/kasutatud?id=2071
Mitsubishi;Space Wagon;1999;2004;/testid/kasutatud?id=2261
Nissan;100 NX;1991;1996;/testid/kasutatud?id=2034
Nissan;200 SX;1997;2000;/testid/kasutatud?id=2068
Nissan;350Z;2006;...;/testid/uus?id=7388
Nissan;Almera;2000;2006;/testid/kasutatud?id=2274
Nissan;GT-R;2009;...;/testid/uus?id=7469
Nissan;Juke;2010;...;/testid/uus?id=7586
Nissan;Juke;2013;...;/testid/uus?id=7776&ver=2
Nissan;Leaf;2010;...;/testid/uus?id=7675
Nissan;Leaf;2010;...;/testid/uus?id=7572
Nissan;Maxima;2000;2004;/testid/kasutatud?id=1988
Nissan;Micra;1992;2003;/testid/kasutatud?id=2246
Nissan;Micra;2003;2010;/testid/kasutatud?id=2305
Nissan;Micra;2010;...;/testid/uus?id=7641
Nissan;Micra;2010;...;/testid/uus?id=7578
Nissan;Murano;2005;2008;/testid/uus?id=7186
Nissan;Murano;2008;...;/testid/uus?id=7403
Nissan;Murano;2011;...;/testid/uus?id=7618
Nissan;Navara;1997;2005;/testid/kasutatud?id=2238
Nissan;Navara;2010;...;/testid/uus?id=7591
Nissan;Note;2006;2013;/testid/kasutatud?id=2322
Nissan;Note;2006;2013;/testid/uus?id=7177
Nissan;Note;2006;2013;/testid/uus?id=7247
Nissan;Note;2013;...;/testid/uus?id=7796&ver=2
Nissan;NP300;1970;...;/testid/uus?id=7395
Nissan;NV200;2009;...;/testid/uus?id=7506
Nissan;Pathfinder;2005;...;/testid/uus?id=7168
Nissan;Pathfinder;2005;...;/testid/uus?id=7254
Nissan;Patrol GR;1998;2003;/testid/kasutatud?id=2098
Nissan;Primera;1996;1999;/testid/kasutatud?id=2175
Nissan;Primera;1996;1999;/testid/kasutatud?id=2058
Nissan;Primera;2002;2004;/testid/kasutatud?id=2016
Nissan;Qashqai;2007;2010;/testid/uus?id=7270
Nissan;Qashqai;2007;2010;/testid/kasutatud?id=2287
Nissan;Qashqai;2010;...;/testid/uus?id=7655
Nissan;Qashqai;2010;...;/testid/uus?id=7533
Nissan;Qashqai;2014;...;/testid/uus?id=7806&ver=2
Nissan;Qashqai;2008;...;/testid/uus?id=7409
Nissan;Terrano;1993;2006;/testid/kasutatud?id=2214
Nissan;Tiida;2007;...;/testid/uus?id=7306
Nissan;X-Trail;2003;2007;/testid/kasutatud?id=2065
Nissan;X-Trail;2007;...;/testid/uus?id=7287
Nissan;X-Trail;2011;...;/testid/uus?id=7597
Opel;Adam;2012;...;/testid/uus?id=7735&ver=2
Opel;Agila;2008;...;/testid/uus?id=7346
Opel;Ampera;2011;...;/testid/uus?id=7630
Opel;Antara;2006;...;/testid/kasutatud?id=2299
Opel;Antara;2006;...;/testid/uus?id=7284
Opel;Antara;2011;...;/testid/uus?id=7608
Opel;Astra;1991;1994;/testid/kasutatud?id=2020
Opel;Astra;1998;2004;/testid/kasutatud?id=2164
Opel;Astra;2004;2007;/testid/kasutatud?id=2094
Opel;Astra;2007;...;/testid/uus?id=7325
Opel;Astra;2007;...;/testid/uus?id=7185
Opel;Astra;2009;...;/testid/uus?id=7510
Opel;Astra;2009;...;/testid/uus?id=7518
Opel;Astra;2012;...;/testid/uus?id=7708
Opel;Astra;2011;...;/testid/uus?id=7666
Opel;Astra;2013;...;/testid/uus?id=7771&ver=2
Opel;Astra;2010;...;/testid/uus?id=7585
Opel;Cascada;2013;...;/testid/uus?id=7770&ver=2
Opel;Combo;2012;...;/testid/uus?id=7690
Opel;Corsa;2000;2003;/testid/kasutatud?id=2144
Opel;Corsa;2006;2010;/testid/uus?id=7238
Opel;Corsa;2006;2010;/testid/kasutatud?id=2293
Opel;Corsa;2006;2010;/testid/uus?id=7527
Opel;Corsa;2011;...;/testid/uus?id=7606
Opel;Frontera;1998;2003;/testid/kasutatud?id=2265
Opel;Frontera;1993;1995;/testid/kasutatud?id=2033
Opel;GT;2007;...;/testid/uus?id=7285
Opel;Insignia;2008;...;/testid/uus?id=7468
Opel;Insignia;2008;...;/testid/uus?id=7402
Opel;Insignia;2009;...;/testid/uus?id=7498
Opel;Insignia;2009;...;/testid/uus?id=7647
Opel;Insignia;2009;...;/testid/uus?id=7458
Opel;Meriva;2003;2005;/testid/kasutatud?id=2010
Opel;Meriva;2005;...;/testid/uus?id=7228
Opel;Meriva;2010;...;/testid/uus?id=7538
Opel;Meriva;2014;...;/testid/uus?id=7810&ver=2
Opel;Mokka;2012;...;/testid/uus?id=7723
Opel;Omega;1999;2003;/testid/kasutatud?id=2193
Opel;Signum;2003;2008;/testid/kasutatud?id=2272
Opel;Zafira;1999;2003;/testid/kasutatud?id=2049
Opel;Zafira;2005;2011;/testid/kasutatud?id=2306
Opel;Zafira;2008;...;/testid/uus?id=7335
Opel;Zafira;2011;...;/testid/uus?id=7659
Opel;Tigra;1994;2000;/testid/kasutatud?id=2280
Opel;Vectra;1995;2002;/testid/kasutatud?id=2182
Opel;Vectra;2002;2005;/testid/kasutatud?id=1992
Opel;Vectra;2005;...;/testid/uus?id=7179
Peugeot;1007;2005;...;/testid/kasutatud?id=2152
Peugeot;107;2008;2012;/testid/uus?id=7217
Peugeot;107;2012;...;/testid/uus?id=7707
Peugeot;2008;2013;...;/testid/uus?id=7765&ver=2
Peugeot;205;1984;1994;/testid/kasutatud?id=2217
Peugeot;206;1998;2002;/testid/kasutatud?id=2127
Peugeot;206;2009;...;/testid/uus?id=7467
Peugeot;207;2006;...;/testid/uus?id=7197
Peugeot;207;2006;...;/testid/uus?id=7517
Peugeot;207;2006;...;/testid/uus?id=7315
Peugeot;207;2007;...;/testid/uus?id=7265
Peugeot;207;2007;...;/testid/uus?id=7309
Peugeot;208;2012;...;/testid/uus?id=7685
Peugeot;3008;2009;...;/testid/uus?id=7473
Peugeot;3008;2011;...;/testid/uus?id=7644
Peugeot;301;2012;...;/testid/uus?id=7729
Peugeot;306;1993;1997;/testid/kasutatud?id=2172
Peugeot;307;2001;2007;/testid/kasutatud?id=2222
Peugeot;308;2007;2011;/testid/uus?id=7339
Peugeot;308;2007;2011;/testid/kasutatud?id=2301
Peugeot;308;2007;2011;/testid/uus?id=7301
Peugeot;308;2011;...;/testid/uus?id=7622
Peugeot;308;2013;...;/testid/uus?id=7784&ver=2
Peugeot;308;2009;...;/testid/uus?id=7459
Peugeot;308;2008;...;/testid/uus?id=7390
Peugeot;4007;2007;...;/testid/kasutatud?id=2319
Peugeot;4007;2007;...;/testid/uus?id=7305
Peugeot;4008;2012;...;/testid/uus?id=7706
Peugeot;406;1999;2002;/testid/kasutatud?id=2092
Peugeot;407;2004;...;/testid/kasutatud?id=2195
Peugeot;407;2005;2008;/testid/uus?id=7173
Peugeot;407;2008;...;/testid/uus?id=7406
Peugeot;5008;2009;...;/testid/uus?id=7514
Peugeot;508;2011;...;/testid/uus?id=7635
Peugeot;508;2011;...;/testid/uus?id=7600
Peugeot;508;2012;...;/testid/uus?id=7691
Peugeot;605;1990;1994;/testid/kasutatud?id=2022
Peugeot;607;2000;2005;/testid/kasutatud?id=2142
Peugeot;Boxer;1970;...;/testid/uus?id=7246
Peugeot;Boxer;2002;2006;/testid/kasutatud?id=2158
Peugeot;Boxer;2006;...;/testid/kasutatud?id=2262
Peugeot;Expert;1970;...;/testid/uus?id=7276
Peugeot;Expert;1970;...;/testid/uus?id=7263
Peugeot;iOn;2010;...;/testid/uus?id=7571
Peugeot;Partner;2011;...;/testid/uus?id=7632
Peugeot;Partner;2002;2008;/testid/kasutatud?id=2114
Peugeot;Partner;2008;...;/testid/uus?id=7400
Peugeot;RCZ;2010;2013;/testid/uus?id=7540
Peugeot;RCZ;2010;2013;/testid/uus?id=7577
Peugeot;RCZ;2013;...;/testid/uus?id=7767&ver=2
Polaris;Sportsman;1970;...;/testid/uus?id=7418
Pontiac;Firebird;1993;2002;/testid/kasutatud?id=2123
Porsche;911;1997;2005;/testid/kasutatud?id=2323
Porsche;911;1989;1994;/testid/kasutatud?id=2139
Porsche;911;2004;2008;/testid/uus?id=7307
Porsche;911;2004;2008;/testid/uus?id=7289
Porsche;911;2011;...;/testid/uus?id=7672
Porsche;911;2011;...;/testid/uus?id=7727
Porsche;944;1982;1989;/testid/kasutatud?id=2264
Porsche;Boxter;1996;2002;/testid/kasutatud?id=2062
Porsche;Cayenne;2002;2007;/testid/kasutatud?id=2076
Porsche;Cayenne;2002;2007;/testid/uus?id=7200
Porsche;Cayenne;2007;...;/testid/uus?id=7446
Porsche;Cayenne;2010;...;/testid/uus?id=7539
Porsche;Cayenne;2010;...;/testid/uus?id=7724
Porsche;Cayman;2005;2009;/testid/uus?id=7222
Porsche;Panamera;2009;...;/testid/uus?id=7479
Ram;1500;2013;...;/testid/uus?id=7772&ver=2
Renault;Captur;2013;...;/testid/uus?id=7764&ver=2
Renault;Clio;2005;2009;/testid/uus?id=7214
Renault;Clio;2005;2009;/testid/kasutatud?id=2248
Renault;Clio;2012;...;/testid/uus?id=7731
Renault;Clio;2008;...;/testid/uus?id=7333
Renault;Espace;2002;2006;/testid/kasutatud?id=2154
Renault;Fluence;2010;...;/testid/uus?id=7519
Renault;Fluence;2011;...;/testid/uus?id=7660
Renault;Grand Modus;2008;...;/testid/uus?id=7334
Renault;Kangoo;2008;...;/testid/uus?id=7330
Renault;Kangoo;2008;...;/testid/uus?id=7384
Renault;Kangoo;2012;...;/testid/uus?id=7692
Renault;Kangoo;2014;...;/testid/uus?id=7809&ver=2
Renault;Kangoo;2011;...;/testid/uus?id=7650
Renault;Koleos;2008;...;/testid/uus?id=7373
Renault;Laguna;1998;2001;/testid/kasutatud?id=2036
Renault;Laguna;2000;2007;/testid/kasutatud?id=2308
Renault;Laguna;2007;...;/testid/uus?id=7317
Renault;Laguna;2009;...;/testid/uus?id=7515
Renault;Laguna;2005;2007;/testid/uus?id=7204
Renault;Laguna;2007;...;/testid/uus?id=7342
Renault;Latitude;2011;...;/testid/uus?id=7615
Renault;Master;2006;...;/testid/uus?id=7220
Renault;Megane;2002;2006;/testid/kasutatud?id=1990
Renault;Megane;2006;2008;/testid/uus?id=7294
Renault;Megane;2006;2008;/testid/uus?id=7193
Renault;Megane;2008;...;/testid/uus?id=7413
Renault;Megane;2009;...;/testid/uus?id=7415
Renault;Megane;2009;...;/testid/uus?id=7488
Renault;Megane;2010;...;/testid/uus?id=7549
Renault;Megane;2006;2008;/testid/uus?id=7184
Renault;Scenic;2001;2003;/testid/kasutatud?id=1997
Renault;Scenic;2006;...;/testid/uus?id=7300
Renault;Scenic;2009;...;/testid/uus?id=7474
Renault;Thalia;1999;2008;/testid/kasutatud?id=2257
Renault;Thalia;2008;...;/testid/uus?id=7394
Renault;Trafic;2006;...;/testid/uus?id=7219
Renault;Twingo;2007;...;/testid/uus?id=7318
Renault;Twingo;2012;...;/testid/uus?id=7681
Renault;Twingo;2011;...;/testid/uus?id=7637
Renault;Twizy;2012;...;/testid/uus?id=7683
Renault;Vel Satis;2002;2009;/testid/kasutatud?id=2251
Saab;900;1993;1998;/testid/kasutatud?id=2130
Saab;9000;1991;1998;/testid/kasutatud?id=2050
Saab;9-3;1998;2002;/testid/kasutatud?id=2040
Saab;9-3;2007;...;/testid/uus?id=7298
Saab;9-3;2007;...;/testid/uus?id=7353
Saab;9-3;2002;2007;/testid/kasutatud?id=2080
Saab;9-3;2007;...;/testid/uus?id=7371
Saab;9-3;2009;...;/testid/uus?id=7495
Saab;9-5;2001;2005;/testid/kasutatud?id=2003
Saab;9-5;2005;2010;/testid/kasutatud?id=2252
Saab;9-5;2005;2010;/testid/uus?id=7559
Saab;9-7X;2005;2009;/testid/kasutatud?id=2199
Seat;Alhambra;2012;...;/testid/uus?id=7581
Seat;Alhambra;2012;...;/testid/uus?id=7686
Seat;Altea;2004;...;/testid/uus?id=7196
Seat;Altea;2004;...;/testid/kasutatud?id=2137
Seat;Altea;2004;...;/testid/uus?id=7262
Seat;Altea;2007;...;/testid/uus?id=7316
Seat;Altea;2007;...;/testid/uus?id=7380
Seat;Cordoba;1996;1999;/testid/kasutatud?id=2018
Seat;Ibiza;2002;2006;/testid/kasutatud?id=2165
Seat;Ibiza;2006;2008;/testid/uus?id=7312
Seat;Ibiza;2008;...;/testid/uus?id=7391
Seat;Ibiza;2008;...;/testid/uus?id=7490
Seat;Ibiza;2010;...;/testid/uus?id=7568
Seat;Ibiza;2013;...;/testid/uus?id=7780&ver=2
Seat;Ibiza;2010;...;/testid/uus?id=7565
Seat;Leon;2005;...;/testid/uus?id=7278
Seat;Leon;2005;...;/testid/uus?id=7233
Seat;Leon;2005;...;/testid/kasutatud?id=2229
Seat;Leon;2005;...;/testid/uus?id=7377
Seat;Leon;2012;...;/testid/uus?id=7736&ver=2
Seat;Leon;2010;...;/testid/uus?id=7563
Seat;Leon;2013;...;/testid/uus?id=7803&ver=2
Seat;Toledo;1995;1999;/testid/kasutatud?id=1985
Seat;Toledo;1999;2004;/testid/kasutatud?id=2210
Seat;Toledo;2012;...;/testid/uus?id=7715
Smart;City-coupe;1998;2002;/testid/kasutatud?id=2108
Smart;Fortwo coupe;2007;...;/testid/uus?id=7478
Ssangyong;Actyon;2006;...;/testid/uus?id=7358
Ssangyong;Actyon;2006;...;/testid/uus?id=7243
Ssangyong;Kyron;2007;...;/testid/uus?id=7194
Ssangyong;Kyron;2007;...;/testid/uus?id=7323
Ssangyong;Rexton;2006;...;/testid/uus?id=7288
Ssangyong;Rodius;2005;2009;/testid/uus?id=7201
Subaru;Forester;2000;2002;/testid/kasutatud?id=2063
Subaru;Forester;2002;2008;/testid/kasutatud?id=2275
Subaru;Forester;2008;2013;/testid/kasutatud?id=2329
Subaru;Forester;2008;2013;/testid/uus?id=7393
Subaru;Forester;2008;2013;/testid/uus?id=7363
Subaru;Forester;2011;...;/testid/uus?id=7612
Subaru;Forester;2013;...;/testid/uus?id=7740&ver=2
Subaru;Impreza;2000;2003;/testid/kasutatud?id=2093
Subaru;Impreza;2007;...;/testid/uus?id=7341
Subaru;Impreza;2007;...;/testid/uus?id=7314
Subaru;Impreza;2007;...;/testid/kasutatud?id=2258
Subaru;Impreza;2007;...;/testid/uus?id=7299
Subaru;Impreza;2013;...;/testid/uus?id=7795&ver=2
Subaru;Justy;2007;...;/testid/uus?id=7331
Subaru;Legacy;1994;1997;/testid/kasutatud?id=2032
Subaru;Legacy;1998;2003;/testid/kasutatud?id=2296
Subaru;Legacy;2002;2003;/testid/kasutatud?id=1994
Subaru;Legacy;2003;2006;/testid/kasutatud?id=2146
Subaru;Legacy;2009;...;/testid/uus?id=7496
Subaru;Outback;2006;...;/testid/uus?id=7230
Subaru;Outback;2006;...;/testid/uus?id=7348
Subaru;Outback;2009;...;/testid/uus?id=7502
Subaru;Outback;2013;...;/testid/uus?id=7760&ver=2
Subaru;SVX;1992;1997;/testid/kasutatud?id=2019
Subaru;Tribeca;2005;2010;/testid/kasutatud?id=2342
Subaru;Tribeca;2005;2010;/testid/uus?id=7326
Subaru;Tribeca;2006;2008;/testid/uus?id=7216
Subaru;WRX STI Racing;2010;...;/testid/uus?id=7566
Subaru;XV;2011;...;/testid/uus?id=7661
Suzuki;Alto;2008;...;/testid/uus?id=7465
Suzuki;Baleno;1995;1997;/testid/kasutatud?id=2170
Suzuki;Grand Vitara;2005;2008;/testid/kasutatud?id=2178
Suzuki;Grand Vitara;2008;...;/testid/uus?id=7401
Suzuki;Grand Vitara;2008;...;/testid/uus?id=7172
Suzuki;Grand Vitara;2008;...;/testid/uus?id=7279
Suzuki;Jimny;1998;2005;/testid/kasutatud?id=2090
Suzuki;Liana;2001;2004;/testid/kasutatud?id=2002
Suzuki;Liana;2004;2007;/testid/kasutatud?id=2243
Suzuki;Samurai;1988;1995;/testid/kasutatud?id=2028
Suzuki;Splash;2008;...;/testid/uus?id=7404
Suzuki;Swift;2005;...;/testid/uus?id=7328
Suzuki;Swift;2005;...;/testid/kasutatud?id=2157
Suzuki;Swift;2011;...;/testid/uus?id=7616
Suzuki;Swift;2012;...;/testid/uus?id=7669
Suzuki;SX4;2006;...;/testid/kasutatud?id=2325
Suzuki;SX4;2006;...;/testid/uus?id=7320
Suzuki;SX4;2006;...;/testid/uus?id=7191
Suzuki;SX4;2006;...;/testid/uus?id=7359
Suzuki;SX4;2013;...;/testid/uus?id=7788&ver=2
Suzuki;Vitara;1998;1998;/testid/kasutatud?id=2211
Skoda;Fabia;1999;2007;/testid/kasutatud?id=2155
Skoda;Fabia;2007;...;/testid/uus?id=7255
Skoda;Fabia;2007;...;/testid/kasutatud?id=2309
Skoda;Fabia;2007;...;/testid/uus?id=7336
Skoda;Octavia;1996;...;/testid/kasutatud?id=2015
Skoda;Octavia;2004;2009;/testid/kasutatud?id=2140
Skoda;Octavia;2004;2009;/testid/uus?id=7161
Skoda;Octavia;2013;...;/testid/uus?id=7741&ver=2
Skoda;Octavia;2013;...;/testid/uus?id=7801&ver=2
Skoda;Octavia;2013;...;/testid/uus?id=7768&ver=2
Skoda;Rapid;2012;...;/testid/uus?id=7704
Skoda;Rapid;2013;...;/testid/uus?id=7794&ver=2
Skoda;Roomster;2006;...;/testid/uus?id=7202
Skoda;Roomster;2006;...;/testid/uus?id=7266
Skoda;Roomster;2006;...;/testid/kasutatud?id=2282
Skoda;Superb;2001;2008;/testid/kasutatud?id=2324
Skoda;Superb;2001;2008;/testid/kasutatud?id=2029
Skoda;Superb;2008;...;/testid/kasutatud?id=2336
Skoda;Superb;2008;...;/testid/uus?id=7372
Skoda;Superb;2009;...;/testid/uus?id=7522
Skoda;Yeti;2009;...;/testid/uus?id=7476
ZEV;Seven;2009;...;/testid/uus?id=7487
ZEV;Smiley;2008;...;/testid/uus?id=7369
Tesla;Roadster;2009;...;/testid/uus?id=7507
Toyota;Auris;2007;...;/testid/uus?id=7251
Toyota;Auris;2013;...;/testid/uus?id=7748&ver=2
Toyota;Auris;2013;...;/testid/uus?id=7789&ver=2
Toyota;Auris;2010;...;/testid/uus?id=7582
Toyota;Avensis;1997;2000;/testid/kasutatud?id=2173
Toyota;Avensis;2003;2006;/testid/kasutatud?id=2089
Toyota;Avensis;2006;2009;/testid/uus?id=7199
Toyota;Avensis;2009;...;/testid/uus?id=7417
Toyota;Avensis;2012;...;/testid/uus?id=7677
Toyota;Camry;2001;2004;/testid/kasutatud?id=2017
Toyota;Carina;1992;1996;/testid/kasutatud?id=2141
Toyota;Carina;1988;1992;/testid/kasutatud?id=2048
Toyota;Celica;1990;1994;/testid/kasutatud?id=2233
Toyota;Celica;1994;1999;/testid/kasutatud?id=1989
Toyota;Celica;2002;2005;/testid/kasutatud?id=2081
Toyota;Corolla;2000;2002;/testid/kasutatud?id=2132
Toyota;Corolla;2002;2004;/testid/kasutatud?id=2162
Toyota;Corolla;2006;...;/testid/uus?id=7250
Toyota;Corolla;2006;...;/testid/kasutatud?id=2236
Toyota;Corolla;2010;...;/testid/uus?id=7588
Toyota;Corolla;2013;...;/testid/uus?id=7786&ver=2
Toyota;Corolla;2004;2009;/testid/kasutatud?id=2321
Toyota;GT86;2012;...;/testid/uus?id=7703
Toyota;Hiace;1995;...;/testid/kasutatud?id=2143
Toyota;Hilux;2005;...;/testid/kasutatud?id=2337
Toyota;IQ;2009;...;/testid/uus?id=7471
Toyota;Land Cruiser;2002;2009;/testid/kasutatud?id=2281
Toyota;Land Cruiser;2009;...;/testid/uus?id=7513
Toyota;Land Cruiser;1998;2007;/testid/kasutatud?id=2332
Toyota;Land Cruiser;2008;...;/testid/uus?id=7347
Toyota;Previa;2000;2006;/testid/kasutatud?id=2313
Toyota;Prius;2004;2006;/testid/kasutatud?id=2110
Toyota;Prius;2009;...;/testid/uus?id=7466
Toyota;Prius;2010;...;/testid/uus?id=7556
Toyota;RAV4;2000;2003;/testid/kasutatud?id=2037
Toyota;RAV4;2005;...;/testid/uus?id=7489
Toyota;RAV4;2005;...;/testid/uus?id=7174
Toyota;RAV4;2005;...;/testid/kasutatud?id=2294
Toyota;Urban Cruiser;2009;...;/testid/uus?id=7450
Toyota;Verso;2009;...;/testid/uus?id=7453
Toyota;Verso;2011;...;/testid/uus?id=7614
Toyota;Yaris;1999;2003;/testid/kasutatud?id=2026
Toyota;Yaris;2005;2008;/testid/kasutatud?id=2207
Toyota;Yaris;2005;2008;/testid/uus?id=7169
Toyota;Yaris;2009;...;/testid/uus?id=7260
Toyota;Yaris;2009;...;/testid/uus?id=7455
Toyota;Yaris;2011;...;/testid/uus?id=7657
Toyota;Yaris;2012;...;/testid/uus?id=7705
UAZ;469;1973;...;/testid/kasutatud?id=2013
Volkswagen;Amarok;2010;...;/testid/uus?id=7553
Volkswagen;Beetle;2011;...;/testid/uus?id=7629
Volkswagen;Caddy;2003;2010;/testid/kasutatud?id=2249
Volkswagen;Caddy Combi Maxi;2008;...;/testid/uus?id=7337
Volkswagen;Caravelle;2009;...;/testid/uus?id=7497
Volkswagen;CC;2012;...;/testid/uus?id=7673
Volkswagen;Corrado;1989;1995;/testid/kasutatud?id=1999
Volkswagen;Crafter;2011;...;/testid/uus?id=7679
Volkswagen;Crafter;2011;...;/testid/uus?id=7621
Volkswagen;CrossGolf;2007;...;/testid/uus?id=7253
Volkswagen;CrossPolo;2006;...;/testid/uus?id=7261
Volkswagen;CrossTouran;2007;...;/testid/uus?id=7293
Volkswagen;Eos;2006;...;/testid/uus?id=7234
Volkswagen;Golf;1997;2003;/testid/kasutatud?id=2286
Volkswagen;Golf;2003;2008;/testid/kasutatud?id=2105
Volkswagen;Golf;2003;2008;/testid/uus?id=7235
Volkswagen;Golf;2008;2012;/testid/uus?id=7396
Volkswagen;Golf;2008;2012;/testid/uus?id=7491
Volkswagen;Golf;2012;...;/testid/uus?id=7717
Volkswagen;Golf;2009;...;/testid/uus?id=7456
Volkswagen;Golf;2013;...;/testid/uus?id=7804&ver=2
Volkswagen;Golf;2007;...;/testid/uus?id=7291
Volkswagen;Golf;2009;...;/testid/uus?id=7504
Volkswagen;Golf;2013;...;/testid/uus?id=7777&ver=2
Volkswagen;Jetta;2011;...;/testid/uus?id=7599
Volkswagen;Jetta;2013;...;/testid/uus?id=7755&ver=2
Volkswagen;Passat;1993;1996;/testid/kasutatud?id=2166
Volkswagen;Passat;2005;2010;/testid/kasutatud?id=2316
Volkswagen;Passat;2010;...;/testid/uus?id=7573
Volkswagen;Passat;2012;...;/testid/uus?id=7680
Volkswagen;Passat CC;2008;...;/testid/uus?id=7412
Volkswagen;Passat CC;2008;...;/testid/uus?id=7357
Volkswagen;Passat;2000;2005;/testid/kasutatud?id=2069
Volkswagen;Phaeton;2002;...;/testid/kasutatud?id=2331
Volkswagen;Polo;2001;2005;/testid/kasutatud?id=2117
Volkswagen;Polo;2009;...;/testid/uus?id=7461
Volkswagen;Polo;2009;...;/testid/uus?id=7501
Volkswagen;Polo;2009;...;/testid/kasutatud?id=2271
Volkswagen;Scirocco;2008;...;/testid/uus?id=7381
Volkswagen;Tiguan;2007;...;/testid/uus?id=7343
Volkswagen;Tiguan;2007;...;/testid/uus?id=7308
Volkswagen;Tiguan;2011;...;/testid/uus?id=7619
Volkswagen;Touareg;2002;2007;/testid/kasutatud?id=2042
Volkswagen;Touareg;2007;2010;/testid/uus?id=7364
Volkswagen;Touareg;2007;2010;/testid/uus?id=7264
Volkswagen;Touareg;2010;...;/testid/uus?id=7532
Volkswagen;Touran;2003;2006;/testid/kasutatud?id=2087
Volkswagen;Touran;2010;...;/testid/uus?id=7546
Volkswagen;Transporter;2003;2009;/testid/kasutatud?id=2183
Volkswagen;up!;2011;...;/testid/uus?id=7651
Volvo;850;1994;1997;/testid/kasutatud?id=2045
Volvo;960;1990;1998;/testid/kasutatud?id=2242
Volvo;C30;2006;...;/testid/kasutatud?id=2326
Volvo;C30;2006;...;/testid/uus?id=7274
Volvo;C70;2006;...;/testid/uus?id=7195
Volvo;S40;2004;2007;/testid/kasutatud?id=2102
Volvo;S40;2007;...;/testid/uus?id=7472
Volvo;S60;2000;2004;/testid/kasutatud?id=2120
Volvo;S60;2010;...;/testid/uus?id=7547
Volvo;S60;2013;...;/testid/uus?id=7790&ver=2
Volvo;S80;1998;2003;/testid/kasutatud?id=2064
Volvo;S80;2006;...;/testid/uus?id=7227
Volvo;S80;2006;...;/testid/kasutatud?id=2260
Volvo;S80;2006;...;/testid/uus?id=7445
Volvo;V40;1996;2004;/testid/kasutatud?id=2215
Volvo;V40;2012;...;/testid/uus?id=7694
Volvo;V60;2010;...;/testid/uus?id=7570
Volvo;V70;1997;2000;/testid/kasutatud?id=2159
Volvo;V70;2000;2004;/testid/kasutatud?id=2006
Volvo;V70;2011;...;/testid/uus?id=7628
Volvo;V70;2000;2002;/testid/kasutatud?id=2086
Volvo;XC60;2008;...;/testid/uus?id=7399
Volvo;XC70;2007;...;/testid/uus?id=7351
