mark;mudel;alates;kuni;link
Alfa Romeo;145;1994;2001;/auto-testid/kasutatud/alfa romeo/145-(94-01)/kokkuvote/1335/
Alfa Romeo;146;1995;2001;/auto-testid/kasutatud/alfa romeo/146-(95-01)/kokkuvote/1336/
Alfa Romeo;147;2001;2009;/auto-testid/kasutatud/alfa romeo/147-(01-09)/kokkuvote/1337/
Alfa Romeo;156;1997;2006;/auto-testid/kasutatud/alfa romeo/156-sedaan-(97-06)/kokkuvote/1338/
Alfa Romeo;156;1997;2006;/auto-testid/kasutatud/alfa romeo/156-sportwagon-(97-06)/kokkuvote/1339/
Alfa Romeo;166;1999;2005;/auto-testid/kasutatud/alfa romeo/166-(99-05)/kokkuvote/1340/
Alfa Romeo;GT;2004;2010;/auto-testid/kasutatud/alfa romeo/gt-(04-10)/kokkuvote/1341/
Alfa Romeo;GTV;1996;2005;/auto-testid/kasutatud/alfa romeo/gtv-coupé-(96-05)/kokkuvote/1342/
Alfa Romeo;Spider;1996;2004;/auto-testid/kasutatud/alfa romeo/spider-(96-04)/kokkuvote/1343/
Aston Martin;DB7 Vantage;1994;2004;/auto-testid/kasutatud/aston martin/db7-vantage-(94-04)/kokkuvote/1345/
Audi;A2;1999;2005;/auto-testid/kasutatud/audi/a2-(99-05)/kokkuvote/1351/
Audi;A3;2003;...;/auto-testid/kasutatud/audi/a3-(03-)/kokkuvote/1352/
Audi;A4;2001;2004;/auto-testid/kasutatud/audi/a4-avant-(01-04)/kokkuvote/1353/
Audi;A4;1994;2000;/auto-testid/kasutatud/audi/a4-avant-(94-00)/kokkuvote/1357/
Audi;A4;2001;2004;/auto-testid/kasutatud/audi/a4-cabrio-(01-04)/kokkuvote/1354/
Audi;A4;2001;2004;/auto-testid/kasutatud/audi/a4-sedaan-(01-04)/kokkuvote/1355/
Audi;A4;2005;2007;/auto-testid/kasutatud/audi/a4-sedaan-(05-07)/kokkuvote/1356/
Audi;A4;1994;2000;/auto-testid/kasutatud/audi/a4-sedaan-(94-00)/kokkuvote/1358/
Audi;A6;2005;2010;/auto-testid/kasutatud/audi/a6-avant-(05-10)/kokkuvote/1359/
Audi;A6;1997;2004;/auto-testid/kasutatud/audi/a6-avant-(97-04)/kokkuvote/1361/
Audi;A6;2005;2010;/auto-testid/kasutatud/audi/a6-sedaan-(05-10)/kokkuvote/1360/
Audi;A6;1997;2004;/auto-testid/kasutatud/audi/a6-sedaan-(97-04)/kokkuvote/1362/
Audi;A8;2003;2009;/auto-testid/kasutatud/audi/a8-(03-09)/kokkuvote/1363/
Audi;A8;1994;2003;/auto-testid/kasutatud/audi/a8-(94-03)/kokkuvote/1364/
Audi;Allroad;1999;2005;/auto-testid/kasutatud/audi/allroad-(99-05)/kokkuvote/1365/
Audi;TT;1998;2006;/auto-testid/kasutatud/audi/tt-coupé-(98-06)/kokkuvote/1366/
Audi;TT;1999;2006;/auto-testid/kasutatud/audi/tt-roadster-(99-06)/kokkuvote/1367/
Bentley;Arnage;1999;2009;/auto-testid/kasutatud/bentley/arnage-(99-09)/kokkuvote/1368/
Bentley;Continental GT;2003;2010;/auto-testid/kasutatud/bentley/continental-gt-(03-10)/kokkuvote/1369/
BMW;1;2004;...;/auto-testid/kasutatud/bmw/1.-seeria-(04-)/kokkuvote/1370/
BMW;3;2000;2003;/auto-testid/kasutatud/bmw/3.-seeria-compact-(00-03)/kokkuvote/1374/
BMW;3;1999;2004;/auto-testid/kasutatud/bmw/3.-seeria-coupé-(99-04)/kokkuvote/1376/
BMW;3;2000;2006;/auto-testid/kasutatud/bmw/3.-seeria-kabriolett-(00-06)/kokkuvote/1375/
BMW;3;1991;1998;/auto-testid/kasutatud/bmw/3.-seeria-kabriolett-(91-98)/kokkuvote/1373/
BMW;3;2005;...;/auto-testid/kasutatud/bmw/3.-seeria-sedaan-(05-)/kokkuvote/1371/
BMW;3;1998;2004;/auto-testid/kasutatud/bmw/3.-seeria-sedaan-(98-04)/kokkuvote/1377/
BMW;3;2005;...;/auto-testid/kasutatud/bmw/3.-seeria-touring-(05-)/kokkuvote/1372/
BMW;3;1999;2004;/auto-testid/kasutatud/bmw/3.-seeria-touring-(99-04)/kokkuvote/1378/
BMW;5;2003;2009;/auto-testid/kasutatud/bmw/5.-seeria-sedaan-(03-09)/kokkuvote/1379/
BMW;5;1996;2002;/auto-testid/kasutatud/bmw/5.-seeria-sedaan-(96-02)/kokkuvote/1381/
BMW;5;2003;2010;/auto-testid/kasutatud/bmw/5.-seeria-touring-(03-10)/kokkuvote/1380/
BMW;5;1996;2002;/auto-testid/kasutatud/bmw/5.-seeria-touring-(96-02)/kokkuvote/1382/
BMW;6;2004;2010;/auto-testid/kasutatud/bmw/6.-seeria-kabriolett-(04-10)/kokkuvote/1383/
BMW;6;2003;2010;/auto-testid/kasutatud/bmw/6.-seeria-kupee-(03-10)/kokkuvote/1384/
BMW;7;2002;2008;/auto-testid/kasutatud/bmw/7.-seeria-(02-08)/kokkuvote/1385/
BMW;7;1994;2001;/auto-testid/kasutatud/bmw/7.-seeria-(94-01)/kokkuvote/1386/
BMW;M3;2000;2004;/auto-testid/kasutatud/bmw/m3-cabrio-(00-04)/kokkuvote/1387/
BMW;M3;2000;2004;/auto-testid/kasutatud/bmw/m3-coupé-(00-04)/kokkuvote/1388/
BMW;X3;2003;...;/auto-testid/kasutatud/bmw/x3-(03-)/kokkuvote/1389/
BMW;X5;2000;2007;/auto-testid/kasutatud/bmw/x5-(00-07)/kokkuvote/1390/
BMW;Z3;1996;2002;/auto-testid/kasutatud/bmw/z3-coupé-(96-02)/kokkuvote/1391/
BMW;Z3;1996;2002;/auto-testid/kasutatud/bmw/z3-roadster-(96-02)/kokkuvote/1392/
BMW;Z4;2003;...;/auto-testid/kasutatud/bmw/z4-(03-)/kokkuvote/1393/
Daewoo;Kalos;2005;2008;/auto-testid/kasutatud/chevrolet/kalos-(05-08)/kokkuvote/1394/
Daewoo;Lacetti;2005;2010;/auto-testid/kasutatud/chevrolet/lacetti-luukpära-(05-10)/kokkuvote/1396/
Daewoo;Lacetti;2005;2010;/auto-testid/kasutatud/chevrolet/lacetti-sedaan-(05-10)/kokkuvote/1397/
Daewoo;Lacetti;2005;2010;/auto-testid/kasutatud/chevrolet/lacetti-universaal-(05-10)/kokkuvote/1395/
Daewoo;Matiz;2005;2009;/auto-testid/kasutatud/chevrolet/matiz-(05-09)/kokkuvote/1398/
Daewoo;Tacuma;2005;2009;/auto-testid/kasutatud/chevrolet/tacuma-(05-09)/kokkuvote/1399/
Chrysler;300C;2005;...;/auto-testid/kasutatud/chrysler/300c-sedaan-(05-)/kokkuvote/1400/
Chrysler;Crossfire;2003;2008;/auto-testid/kasutatud/chrysler/crossfire-coupé-(03-08)/kokkuvote/1401/
Chrysler;Crossfire;2003;2008;/auto-testid/kasutatud/chrysler/crossfire-roadster-(03-08)/kokkuvote/1402/
Chrysler;Grand Voyager;2001;2008;/auto-testid/kasutatud/chrysler/grand-voyager-(01-08)/kokkuvote/1403/
Chrysler;Neon;1999;2003;/auto-testid/kasutatud/chrysler/neon-(99-03)/kokkuvote/1404/
Chrysler;PT Cruiser;2000;2008;/auto-testid/kasutatud/chrysler/pt-cruiser-(00-08)/kokkuvote/1405/
Chrysler;Voyager;1996;2001;/auto-testid/kasutatud/chrysler/voyager-(96-01)/kokkuvote/1406/
Citroen;Berlingo;1999;2002;/auto-testid/kasutatud/citroën/berlingo-multispace-(99-02)/kokkuvote/1407/
Citroen;C1;2005;...;/auto-testid/kasutatud/citroën/c1-(05-)/kokkuvote/1408/
Citroen;C2;2003;...;/auto-testid/kasutatud/citroën/c2-(03-)/kokkuvote/1409/
Citroen;C3;2002;2009;/auto-testid/kasutatud/citroën/c3-(02-09)/kokkuvote/1410/
Citroen;C3;2003;...;/auto-testid/kasutatud/citroën/c3-pluriel-(03-)/kokkuvote/1411/
Citroen;C4;2005;2010;/auto-testid/kasutatud/citroën/c4-(05-10)/kokkuvote/1412/
Citroen;C4 Grand Picasso;2007;...;/auto-testid/kasutatud/citroën/c4-grand-picasso-(07-)/kokkuvote/1417/
Citroen;C4 Picasso;2007;...;/auto-testid/kasutatud/citroën/c4-picasso-(07-)/kokkuvote/1413/
Citroen;C5;2001;2008;/auto-testid/kasutatud/citroën/c5-luukpära-(01-08)/kokkuvote/1415/
Citroen;C5;2001;2008;/auto-testid/kasutatud/citroën/c5-universaal-(01-08)/kokkuvote/1414/
Citroen;C8;2002;...;/auto-testid/kasutatud/citroën/c8-(02-)/kokkuvote/1416/
Citroen;Saxo;1996;2003;/auto-testid/kasutatud/citroën/saxo-(96-03)/kokkuvote/1418/
Citroen;Xantia;1993;2001;/auto-testid/kasutatud/citroën/xantia-luukpära-(93-01)/kokkuvote/1421/
Citroen;Xantia;1993;2001;/auto-testid/kasutatud/citroën/xantia-universaal-(93-01)/kokkuvote/1420/
Citroen;Xsara;1997;2004;/auto-testid/kasutatud/citroën/xsara-coupé-(97-04)/kokkuvote/1422/
Citroen;Xsara;1997;2004;/auto-testid/kasutatud/citroën/xsara-luukpära-(97-04)/kokkuvote/1424/
Citroen;Xsara;2000;2007;/auto-testid/kasutatud/citroën/xsara-picasso-(00-07)/kokkuvote/1425/
Citroen;Xsara;1997;2004;/auto-testid/kasutatud/citroën/xsara-universaal-(97-04)/kokkuvote/1423/
Ferrari;360;1999;2005;/auto-testid/kasutatud/ferrari/360-modena-coupé-(99-05)/kokkuvote/1433/
Ferrari;360;2000;2005;/auto-testid/kasutatud/ferrari/360-modena-spider-(00-05)/kokkuvote/1434/
Ferrari;550 Maranello;1996;2002;/auto-testid/kasutatud/ferrari/550-maranello-(96-02)/kokkuvote/1435/
Ferrari;575M Maranello;2002;2006;/auto-testid/kasutatud/ferrari/575m-maranello-(02-06)/kokkuvote/1436/
Ferrari;612 Scaglietti;2004;...;/auto-testid/kasutatud/ferrari/612-scaglietti-(04-)/kokkuvote/1437/
Ferrari;F430;2005;...;/auto-testid/kasutatud/ferrari/f430-(05-)/kokkuvote/1438/
Fiat;Brava;1995;2002;/auto-testid/kasutatud/fiat/brava-(95-02)/kokkuvote/1439/
Fiat;Bravo;1995;2002;/auto-testid/kasutatud/fiat/bravo-(95-02)/kokkuvote/1440/
Fiat;Coupe;1995;2001;/auto-testid/kasutatud/fiat/coupé-(95-01)/kokkuvote/1441/
Fiat;Idea;2004;2007;/auto-testid/kasutatud/fiat/idea-(04-07)/kokkuvote/1443/
Fiat;Marea;1997;2003;/auto-testid/kasutatud/fiat/marea-sedaan-(97-03)/kokkuvote/1445/
Fiat;Marea;1997;2003;/auto-testid/kasutatud/fiat/marea-weekend-(97-03)/kokkuvote/1444/
Fiat;Multipla;1999;2010;/auto-testid/kasutatud/fiat/multipla-(99-10)/kokkuvote/1446/
Fiat;Panda;2004;...;/auto-testid/kasutatud/fiat/panda-(04-)/kokkuvote/1447/
Fiat;Punto;1999;2007;/auto-testid/kasutatud/fiat/punto-(99-07)/kokkuvote/1448/
Fiat;Seicento;1998;2004;/auto-testid/kasutatud/fiat/seicento-(98-04)/kokkuvote/1450/
Fiat;Stilo;2001;2007;/auto-testid/kasutatud/fiat/stilo-(01-07)-luukpära/kokkuvote/1451/
Fiat;Stilo;2001;2007;/auto-testid/kasutatud/fiat/stilo-(01-07)-multiwagon/kokkuvote/1452/
Ford;Cougar;1998;2002;/auto-testid/kasutatud/ford/cougar-(98-02)/kokkuvote/1454/
Ford;Fiesta;2002;2008;/auto-testid/kasutatud/ford/fiesta-(02-08)/kokkuvote/1456/
Ford;Fiesta;1995;2002;/auto-testid/kasutatud/ford/fiesta-(95-02)/kokkuvote/1457/
Ford;Focus C-MAX;2003;2009;/auto-testid/kasutatud/ford/focus-c-max-(03-09)/kokkuvote/1463/
Ford;Focus;2004;2010;/auto-testid/kasutatud/ford/focus-luukpära-(04-10)/kokkuvote/1459/
Ford;Focus;1998;2004;/auto-testid/kasutatud/ford/focus-luukpära-(98-04)/kokkuvote/1462/
Ford;Focus;2004;2010;/auto-testid/kasutatud/ford/focus-sedaan-(04-10)/kokkuvote/1460/
Ford;Focus;2004;2010;/auto-testid/kasutatud/ford/focus-universaal-(04-10)/kokkuvote/1458/
Ford;Focus;1998;2004;/auto-testid/kasutatud/ford/focus-universaal-(98-04)/kokkuvote/1461/
Ford;Fusion;2002;...;/auto-testid/kasutatud/ford/fusion-(02-)/kokkuvote/1464/
Ford;Galaxy;2006;...;/auto-testid/kasutatud/ford/galaxy-(06-)/kokkuvote/1465/
Ford;Galaxy;1995;2007;/auto-testid/kasutatud/ford/galaxy-(95-07)/kokkuvote/1466/
Ford;Ka;1996;2008;/auto-testid/kasutatud/ford/ka-(96-08)/kokkuvote/1467/
Ford;Mondeo;2000;2007;/auto-testid/kasutatud/ford/mondeo-luukpära-(00-07)/kokkuvote/1470/
Ford;Mondeo;1993;2000;/auto-testid/kasutatud/ford/mondeo-luukpära-(93-00)/kokkuvote/1473/
Ford;Mondeo;2000;2007;/auto-testid/kasutatud/ford/mondeo-sedaan-(00-07)/kokkuvote/1471/
Ford;Mondeo;1993;2000;/auto-testid/kasutatud/ford/mondeo-sedaan-(93-00)/kokkuvote/1474/
Ford;Mondeo;2000;2007;/auto-testid/kasutatud/ford/mondeo-universaal-(00-07)/kokkuvote/1469/
Ford;Mondeo;1993;2000;/auto-testid/kasutatud/ford/mondeo-universaal-(93-00)/kokkuvote/1472/
Ford;Puma;1997;2002;/auto-testid/kasutatud/ford/puma-(97-02)/kokkuvote/1475/
Ford;S-MAX;2006;...;/auto-testid/kasutatud/ford/s-max-(06-)/kokkuvote/1477/
Ford;Scorpio;1995;1998;/auto-testid/kasutatud/ford/scorpio-(95-98)-sedaan/kokkuvote/1476/
Ford;StreetKa;1996;2008;/auto-testid/kasutatud/ford/streetka-(96-08)/kokkuvote/1468/
Honda;Accord;1998;2003;/auto-testid/kasutatud/honda/accord-luukpära-(98-03)/kokkuvote/1480/
Honda;Accord;2002;2008;/auto-testid/kasutatud/honda/accord-sedaan-(02-08)/kokkuvote/1478/
Honda;Accord;1998;2003;/auto-testid/kasutatud/honda/accord-sedaan-(98-03)/kokkuvote/1481/
Honda;Accord;2002;2008;/auto-testid/kasutatud/honda/accord-tourer-(02-08)/kokkuvote/1479/
Honda;Civic;2001;2006;/auto-testid/kasutatud/honda/civic-(01-06)/kokkuvote/1482/
Honda;Civic;2006;...;/auto-testid/kasutatud/honda/civic-(06-)/kokkuvote/1483/
Honda;Civic;1995;2002;/auto-testid/kasutatud/honda/civic-(95-02)/kokkuvote/1484/
Honda;CR-V;2002;2006;/auto-testid/kasutatud/honda/cr-v-(02-06)/kokkuvote/1485/
Honda;CR-V;1997;2002;/auto-testid/kasutatud/honda/cr-v-(97-02)/kokkuvote/1486/
Honda;FR-V;2004;2008;/auto-testid/kasutatud/honda/fr-v-(04-08)/kokkuvote/1487/
Honda;HR-V;1998;2006;/auto-testid/kasutatud/honda/hr-v-(98-06)/kokkuvote/1488/
Honda;Jazz;2001;2008;/auto-testid/kasutatud/honda/jazz-(01-08)/kokkuvote/1490/
Honda;Legend;1996;2003;/auto-testid/kasutatud/honda/legend-(96-03)/kokkuvote/1491/
Honda;Prelude;1997;2001;/auto-testid/kasutatud/honda/prelude-(97-01)/kokkuvote/1494/
Honda;Shuttle;1995;2000;/auto-testid/kasutatud/honda/shuttle-(95-00)/kokkuvote/1496/
Honda;Stream;2001;2005;/auto-testid/kasutatud/honda/stream-(01-05)/kokkuvote/1497/
Hyundai;Coupe;2002;2009;/auto-testid/kasutatud/hyundai/coupé-(02-09)/kokkuvote/1502/
Hyundai;Coupe;1996;2001;/auto-testid/kasutatud/hyundai/coupé-(96-01)/kokkuvote/1501/
Hyundai;Getz;2002;2009;/auto-testid/kasutatud/hyundai/getz-(02-09)/kokkuvote/1505/
Hyundai;Matrix;2001;2010;/auto-testid/kasutatud/hyundai/matrix-(01-10)/kokkuvote/1506/
Hyundai;Santa Fe;2001;2006;/auto-testid/kasutatud/hyundai/santa-fe-(01-06)/kokkuvote/1507/
Hyundai;Sonata;2001;2005;/auto-testid/kasutatud/hyundai/sonata-(01-05)/kokkuvote/1508/
Hyundai;Sonata;2005;2010;/auto-testid/kasutatud/hyundai/sonata-(05-10)/kokkuvote/1509/
Hyundai;Terracan;2003;2007;/auto-testid/kasutatud/hyundai/terracan-(03-07)/kokkuvote/1510/
Hyundai;Tucson;2004;2009;/auto-testid/kasutatud/hyundai/tucson-(04-09)/kokkuvote/1512/
Jaguar;S-type;1998;2008;/auto-testid/kasutatud/jaguar/s-type-(98-08)/kokkuvote/1514/
Jaguar;X-type;2001;...;/auto-testid/kasutatud/jaguar/x-type-(01-)/kokkuvote/1520/
Jaguar;X-type;2001;...;/auto-testid/kasutatud/jaguar/x-type-universaal-(01-)/kokkuvote/1519/
Jaguar;XJ;2003;2009;/auto-testid/kasutatud/jaguar/xj-(03-09)/kokkuvote/1515/
Jaguar;XJ;1997;2003;/auto-testid/kasutatud/jaguar/xj-(97-03)/kokkuvote/1516/
Jaguar;XK;1996;2006;/auto-testid/kasutatud/jaguar/xk-coupé-(96-06)/kokkuvote/1518/
Jaguar;XK;1996;2006;/auto-testid/kasutatud/jaguar/xk-kabriolett-(96-06)/kokkuvote/1517/
Jeep;Cherokee;2001;2007;/auto-testid/kasutatud/jeep/cherokee-(01-07)/kokkuvote/1521/
Jeep;Cherokee;1993;2001;/auto-testid/kasutatud/jeep/cherokee-(93-01)/kokkuvote/1522/
Jeep;Grand Cherokee;2005;2010;/auto-testid/kasutatud/jeep/grand-cherokee-(05-10)/kokkuvote/1523/
Jeep;Grand Cherokee;1999;2004;/auto-testid/kasutatud/jeep/grand-cherokee-(99-04)/kokkuvote/1524/
Jeep;Wrangler;1997;2006;/auto-testid/kasutatud/jeep/wrangler-(97-06)/kokkuvote/1525/
Kia;Picanto;2004;2010;/auto-testid/kasutatud/kia/picanto-(04-10)/kokkuvote/1531/
Kia;Sorento;2003;2009;/auto-testid/kasutatud/kia/sorento-(03-09)/kokkuvote/1536/
Kia;Sportage;2005;2010;/auto-testid/kasutatud/kia/sportage-(05-10)/kokkuvote/1537/
Lamborghini;Gallardo;2003;...;/auto-testid/kasutatud/lamborghini/gallardo-(03-)/kokkuvote/1539/
Land Rover;Discovery;2004;2009;/auto-testid/kasutatud/land rover/discovery-(04-09)/kokkuvote/1541/
Land Rover;Discovery;1998;2004;/auto-testid/kasutatud/land rover/discovery-(98-04)/kokkuvote/1542/
Land Rover;Freelander;1996;2007;/auto-testid/kasutatud/land rover/freelander-(96-07)/kokkuvote/1543/
Land Rover;Range Rover;2002;...;/auto-testid/kasutatud/land rover/range-rover-(02-)/kokkuvote/1544/
Land Rover;Range Rover;1994;2002;/auto-testid/kasutatud/land rover/range-rover-(94-02)/kokkuvote/1545/
Land Rover;Range Rover Sport;2005;...;/auto-testid/kasutatud/land rover/range-rover-sport-(05-)/kokkuvote/1546/
Lexus;GS;2005;...;/auto-testid/kasutatud/lexus/gs-(05-)/kokkuvote/1547/
Lexus;GS;1997;2005;/auto-testid/kasutatud/lexus/gs-(97-05)/kokkuvote/1548/
Lexus;IS;1999;2005;/auto-testid/kasutatud/lexus/is-(99-05)/kokkuvote/1550/
Lexus;IS;2005;...;/auto-testid/kasutatud/lexus/is-sedaan-(05-)/kokkuvote/1549/
Lexus;LS;2003;2006;/auto-testid/kasutatud/lexus/ls-(03-06)/kokkuvote/1551/
Lexus;RX;2003;2008;/auto-testid/kasutatud/lexus/rx-(03-08)/kokkuvote/1553/
Lexus;RX;1999;2003;/auto-testid/kasutatud/lexus/rx-300-(99-03)/kokkuvote/1552/
Lexus;SC;2001;...;/auto-testid/kasutatud/lexus/sc430-(01-)/kokkuvote/1554/
Maserati;Coupe;2002;2007;/auto-testid/kasutatud/maserati/coupé-(02-07)/kokkuvote/1558/
Maserati;Quattroporte;2004;...;/auto-testid/kasutatud/maserati/quattroporte-(04-)/kokkuvote/1559/
Maserati;Spyder;1998;2007;/auto-testid/kasutatud/maserati/spyder-(98-07)/kokkuvote/1560/
Mazda;2;2003;2007;/auto-testid/kasutatud/mazda/2-(03-07)/kokkuvote/1562/
Mazda;3;2004;2008;/auto-testid/kasutatud/mazda/3-(04-08)/kokkuvote/1563/
Mazda;3;2004;2008;/auto-testid/kasutatud/mazda/3-sedaan-(04-08)/kokkuvote/1564/
Mazda;323;1998;2004;/auto-testid/kasutatud/mazda/323-(98-04)/kokkuvote/1565/
Mazda;5;2005;2010;/auto-testid/kasutatud/mazda/5-(05-10)/kokkuvote/1566/
Mazda;6;2002;2007;/auto-testid/kasutatud/mazda/6-luukpära-(02-07)/kokkuvote/1568/
Mazda;6;2002;2007;/auto-testid/kasutatud/mazda/6-sedaan-(02-07)/kokkuvote/1569/
Mazda;6;2002;2007;/auto-testid/kasutatud/mazda/6-universaal-(02-07)/kokkuvote/1567/
Mazda;626;1997;2002;/auto-testid/kasutatud/mazda/626-luukpära-(97-02)/kokkuvote/1571/
Mazda;626;1997;2002;/auto-testid/kasutatud/mazda/626-sedaan-(97-02)/kokkuvote/1572/
Mazda;626;1997;2002;/auto-testid/kasutatud/mazda/626-universaal-(97-02)/kokkuvote/1570/
Mazda;MPV;1999;2004;/auto-testid/kasutatud/mazda/mpv-(99-04)/kokkuvote/1574/
Mazda;MX-5;1998;2005;/auto-testid/kasutatud/mazda/mx-5-(98-05)/kokkuvote/1575/
Mazda;Premacy;1999;2004;/auto-testid/kasutatud/mazda/premacy-(99-04)/kokkuvote/1576/
Mazda;RX-8;2003;...;/auto-testid/kasutatud/mazda/rx-8-(03-)/kokkuvote/1577/
Mazda;Tribute;2001;2004;/auto-testid/kasutatud/mazda/tribute-(01-04)/kokkuvote/1578/
Mercedes-Benz;A;2005;2011;/auto-testid/kasutatud/mercedes-benz/a-klass-(05-11)/kokkuvote/1579/
Mercedes-Benz;A;1998;2005;/auto-testid/kasutatud/mercedes-benz/a-klass-(98-05)/kokkuvote/1580/
Mercedes-Benz;B;2005;...;/auto-testid/kasutatud/mercedes-benz/b-klass-(05-)/kokkuvote/1581/
Mercedes-Benz;C;2000;2008;/auto-testid/kasutatud/mercedes-benz/c-klassi-sedaan-(00-08)/kokkuvote/1583/
Mercedes-Benz;C;1993;2001;/auto-testid/kasutatud/mercedes-benz/c-klassi-sedaan-(93-01)/kokkuvote/1585/
Mercedes-Benz;C;2001;2008;/auto-testid/kasutatud/mercedes-benz/c-klassi-universaal-(01-08)/kokkuvote/1582/
Mercedes-Benz;C;1996;2001;/auto-testid/kasutatud/mercedes-benz/c-klassi-universaal-(96-01)/kokkuvote/1584/
Mercedes-Benz;CL;2000;2007;/auto-testid/kasutatud/mercedes-benz/cl-(00-07)/kokkuvote/1586/
Mercedes-Benz;CLK;2003;2009;/auto-testid/kasutatud/mercedes-benz/clk-cabrio-(03-09)/kokkuvote/1587/
Mercedes-Benz;CLK;1997;2003;/auto-testid/kasutatud/mercedes-benz/clk-cabrio-(97-03)/kokkuvote/1589/
Mercedes-Benz;CLK;2003;2009;/auto-testid/kasutatud/mercedes-benz/clk-coupé-(03-09)/kokkuvote/1588/
Mercedes-Benz;CLK;1997;2003;/auto-testid/kasutatud/mercedes-benz/clk-coupé-(97-03)/kokkuvote/1590/
Mercedes-Benz;CLS;2005;2010;/auto-testid/kasutatud/mercedes-benz/cls-(05-10)/kokkuvote/1591/
Mercedes-Benz;E;2002;2008;/auto-testid/kasutatud/mercedes-benz/e-klassi-sedaan-(02-08)/kokkuvote/1593/
Mercedes-Benz;E;1996;2003;/auto-testid/kasutatud/mercedes-benz/e-klassi-sedaan-(96-03)/kokkuvote/1595/
Mercedes-Benz;E;2003;2009;/auto-testid/kasutatud/mercedes-benz/e-klassi-universaal-(03-09)/kokkuvote/1592/
Mercedes-Benz;E;1996;2003;/auto-testid/kasutatud/mercedes-benz/e-klassi-universaal-(96-03)/kokkuvote/1594/
Mercedes-Benz;M;1997;2006;/auto-testid/kasutatud/mercedes-benz/m-klass-(97-06)/kokkuvote/1596/
Mercedes-Benz;S;1999;2006;/auto-testid/kasutatud/mercedes-benz/s-klass-(99-06)/kokkuvote/1597/
Mercedes-Benz;SL;2002;...;/auto-testid/kasutatud/mercedes-benz/sl-(02-)/kokkuvote/1598/
Mercedes-Benz;SL;1993;2002;/auto-testid/kasutatud/mercedes-benz/sl-(93-02)/kokkuvote/1599/
Mercedes-Benz;SLK;2004;2010;/auto-testid/kasutatud/mercedes-benz/slk-(04-10)/kokkuvote/1600/
Mercedes-Benz;SLK;1996;2004;/auto-testid/kasutatud/mercedes-benz/slk-(96-04)/kokkuvote/1601/
Mercedes-Benz;V;1996;2004;/auto-testid/kasutatud/mercedes-benz/v-klass-(96-04)/kokkuvote/1602/
Mini;One;2001;...;/auto-testid/kasutatud/mini/(01-)/kokkuvote/1603/
Mitsubishi;Colt;2004;...;/auto-testid/kasutatud/mitsubishi/colt-(04-)/kokkuvote/1605/
Mitsubishi;Galant;1997;2003;/auto-testid/kasutatud/mitsubishi/galant-(97-03)/kokkuvote/1608/
Mitsubishi;Grandis;2004;...;/auto-testid/kasutatud/mitsubishi/grandis-(04-)/kokkuvote/1609/
Mitsubishi;Outlander;2004;2007;/auto-testid/kasutatud/mitsubishi/outlander-(04-07)/kokkuvote/1610/
Mitsubishi;Pajero;2000;2007;/auto-testid/kasutatud/mitsubishi/pajero-(00-07)/kokkuvote/1611/
Mitsubishi;Pajero Sport;1998;2008;/auto-testid/kasutatud/mitsubishi/pajero-sport-(98-08)/kokkuvote/1613/
Mitsubishi;Space Wagon;1998;2004;/auto-testid/kasutatud/mitsubishi/space-wagon-(98-04)/kokkuvote/1615/
Nissan;350Z;2003;2008;/auto-testid/kasutatud/nissan/350z-(03-08)/kokkuvote/1617/
Nissan;Almera;2000;2006;/auto-testid/kasutatud/nissan/almera-(00-06)/kokkuvote/1618/
Nissan;Micra;2002;2009;/auto-testid/kasutatud/nissan/micra-(02-09)/kokkuvote/1622/
Nissan;Murano;2005;2008;/auto-testid/kasutatud/nissan/murano-(05-08)/kokkuvote/1623/
Nissan;Pathfinder;2005;...;/auto-testid/kasutatud/nissan/pathfinder-(05-)/kokkuvote/1624/
Nissan;Patrol;1998;2004;/auto-testid/kasutatud/nissan/patrol-gr-(98-04)/kokkuvote/1625/
Nissan;Primera;2002;2006;/auto-testid/kasutatud/nissan/primera-(02-06)/kokkuvote/1628/
Nissan;Terrano;1993;2007;/auto-testid/kasutatud/nissan/terrano-(93-07)/kokkuvote/1632/
Nissan;X-Trail;2001;2007;/auto-testid/kasutatud/nissan/x-trail-(01-07)/kokkuvote/1633/
Opel;Astra;2004;2010;/auto-testid/kasutatud/opel/astra-(04-10)/kokkuvote/1769/
Opel;Astra;1998;2006;/auto-testid/kasutatud/opel/astra-(98-06)/kokkuvote/1773/
Opel;Astra;1998;2006;/auto-testid/kasutatud/opel/astra-caravan-(98-06)/kokkuvote/1772/
Opel;Astra;1998;2006;/auto-testid/kasutatud/opel/astra-coupé-(98-06)/kokkuvote/1771/
Opel;Astra;1998;2006;/auto-testid/kasutatud/opel/astra-sedaan-(98-06)/kokkuvote/1774/
Opel;Corsa;2000;2006;/auto-testid/kasutatud/opel/corsa-(00-06)/kokkuvote/1775/
Opel;Corsa;2006;...;/auto-testid/kasutatud/opel/corsa-(06-)/kokkuvote/1776/
Opel;Meriva;2003;2009;/auto-testid/kasutatud/opel/meriva-(03-09)/kokkuvote/1778/
Opel;Omega;1994;2003;/auto-testid/kasutatud/opel/omega-(94-03)-sedaan/kokkuvote/1781/
Opel;Tigra;2004;2009;/auto-testid/kasutatud/opel/tigra-twintop-(04-09)/kokkuvote/339/
Opel;Vectra;2002;2008;/auto-testid/kasutatud/opel/vectra-(02-08)/kokkuvote/1786/
Opel;Vectra;1995;2002;/auto-testid/kasutatud/opel/vectra-(95-02)/kokkuvote/1789/
Opel;Vectra;2002;...;/auto-testid/kasutatud/opel/vectra-caravan-(02--08)/kokkuvote/1785/
Opel;Zafira;2005;...;/auto-testid/kasutatud/opel/zafira-(05-)/kokkuvote/1792/
Opel;Zafira;1999;2005;/auto-testid/kasutatud/opel/zafira-(99-05)/kokkuvote/1793/
Peugeot;1007;2005;2009;/auto-testid/kasutatud/peugeot/1007-(05-09)/kokkuvote/239/
Peugeot;107;2005;...;/auto-testid/kasutatud/peugeot/107-(05-)/kokkuvote/1638/
Peugeot;206;1998;2007;/auto-testid/kasutatud/peugeot/206-(98-07)/kokkuvote/1640/
Peugeot;306;1993;2003;/auto-testid/kasutatud/peugeot/306-(93-03)/kokkuvote/1645/
Peugeot;307;2001;2007;/auto-testid/kasutatud/peugeot/307-(01-07)/kokkuvote/1648/
Peugeot;307;2001;2007;/auto-testid/kasutatud/peugeot/307-universaal-(01-07)/kokkuvote/1647/
Peugeot;406;1996;2004;/auto-testid/kasutatud/peugeot/406-coupé-(96-04)/kokkuvote/1649/
Peugeot;406;1996;2004;/auto-testid/kasutatud/peugeot/406-sedaan-(96-04)/kokkuvote/1651/
Peugeot;406;1996;2004;/auto-testid/kasutatud/peugeot/406-universaal-(96-04)/kokkuvote/1650/
Porsche;911;2001;2006;/auto-testid/kasutatud/porsche/911-coupé-(01-06)/kokkuvote/1659/
Porsche;Boxster;1996;2004;/auto-testid/kasutatud/porsche/boxster-(96-04)/kokkuvote/1661/
Porsche;Cayenne;2003;2009;/auto-testid/kasutatud/porsche/cayenne-(03-09)/kokkuvote/1662/
Renault;Clio;2005;...;/auto-testid/kasutatud/renault/clio-(05-)/kokkuvote/1667/
Renault;Clio;1998;2005;/auto-testid/kasutatud/renault/clio-(98-05)/kokkuvote/1668/
Renault;Espace;1993;2003;/auto-testid/kasutatud/renault/espace-(93-03)/kokkuvote/1670/
Renault;Laguna;2000;2007;/auto-testid/kasutatud/renault/laguna-(00-07)-luukpära/kokkuvote/1672/
Renault;Laguna;2000;2008;/auto-testid/kasutatud/renault/laguna-(00-08)-universaal/kokkuvote/1673/
Renault;Laguna;1994;2001;/auto-testid/kasutatud/renault/laguna-(94-01)-luukpära/kokkuvote/1675/
Renault;Laguna;1994;2001;/auto-testid/kasutatud/renault/laguna-(94-01)-universaal/kokkuvote/1674/
Renault;Megane;2002;2008;/auto-testid/kasutatud/renault/mégane-(02-08)-luukpära/kokkuvote/1677/
Renault;Megane;2002;2008;/auto-testid/kasutatud/renault/mégane-(02-08)-sedaan/kokkuvote/1678/
Renault;Megane;2002;2008;/auto-testid/kasutatud/renault/mégane-(02-08)-universaal/kokkuvote/1679/
Renault;Megane;2002;2009;/auto-testid/kasutatud/renault/mégane-(02-09)/kokkuvote/272/
Renault;Megane;2002;2009;/auto-testid/kasutatud/renault/mégane-(02-09)-cc/kokkuvote/1676/
Renault;Scenic;1997;2003;/auto-testid/kasutatud/renault/scénic-(97-03)/kokkuvote/1685/
Saab;9-3;1998;2002;/auto-testid/kasutatud/saab/9-3-(98-02)/kokkuvote/1692/
Saab;9-3;2002;...;/auto-testid/kasutatud/saab/9-3-kabriolett-(02-)/kokkuvote/1688/
Saab;9-3;1998;2002;/auto-testid/kasutatud/saab/9-3-kabriolett-(98-02)/kokkuvote/1691/
Saab;9-3;2002;...;/auto-testid/kasutatud/saab/9-3-sedaan-(02-)/kokkuvote/1689/
Saab;9-3;2002;...;/auto-testid/kasutatud/saab/9-3-universaal-(02-)/kokkuvote/1690/
Saab;9-5;1997;2010;/auto-testid/kasutatud/saab/9-5-(97-10)/kokkuvote/1693/
Seat;Alhambra;1996;2009;/auto-testid/kasutatud/seat/alhambra-(96-09)/kokkuvote/1695/
Seat;Altea;2004;...;/auto-testid/kasutatud/seat/altea-(04-)/kokkuvote/1696/
Seat;Arosa;2001;2004;/auto-testid/kasutatud/seat/arosa-(01-04)/kokkuvote/1697/
Seat;Cordoba;2002;2006;/auto-testid/kasutatud/seat/cordoba-(02-06)/kokkuvote/1698/
Seat;Ibiza;2002;2006;/auto-testid/kasutatud/seat/ibiza-(02-06)/kokkuvote/1699/
Seat;Leon;2000;2005;/auto-testid/kasutatud/seat/leon-(00-05)/kokkuvote/1700/
Seat;Leon;2005;...;/auto-testid/kasutatud/seat/leon-(05-)/kokkuvote/1701/
Seat;Toledo;2005;2009;/auto-testid/kasutatud/seat/toledo-(05-09)/kokkuvote/1702/
Skoda;Fabia;2000;2007;/auto-testid/kasutatud/Škoda/fabia-(00-07)/kokkuvote/1704/
Skoda;Fabia;2000;2007;/auto-testid/kasutatud/Škoda/fabia-universaal-(00-07)/kokkuvote/1703/
Skoda;Felicia;1995;2001;/auto-testid/kasutatud/Škoda/felicia-(95-01)/kokkuvote/1705/
Skoda;Octavia;2004;...;/auto-testid/kasutatud/Škoda/octavia-(04-)/kokkuvote/1707/
Skoda;Octavia;1998;2004;/auto-testid/kasutatud/Škoda/octavia-(98-04)/kokkuvote/1709/
Skoda;Octavia;2004;...;/auto-testid/kasutatud/Škoda/octavia-combi-(04-)/kokkuvote/1706/
Skoda;Octavia;1998;2004;/auto-testid/kasutatud/Škoda/octavia-combi-(98-04)/kokkuvote/1708/
Skoda;Superb;2002;2008;/auto-testid/kasutatud/Škoda/superb-(02-08)/kokkuvote/1710/
Subaru;Forester;2002;2008;/auto-testid/kasutatud/subaru/forester-(02-08)/kokkuvote/1715/
Subaru;Forester;1997;2002;/auto-testid/kasutatud/subaru/forester-(97-02)/kokkuvote/1716/
Subaru;Impreza;2001;2007;/auto-testid/kasutatud/subaru/impreza-(01-07)/kokkuvote/1717/
Subaru;Impreza;1993;2000;/auto-testid/kasutatud/subaru/impreza-(93-00)/kokkuvote/1718/
Subaru;Impreza;1993;2003;/auto-testid/kasutatud/subaru/impreza-(93-03)-sports-wagon/kokkuvote/1719/
Subaru;Justy;1992;2002;/auto-testid/kasutatud/subaru/justy-(92-02)/kokkuvote/1720/
Subaru;Legacy;2003;...;/auto-testid/kasutatud/subaru/legacy-(03-)-sedaan/kokkuvote/1722/
Subaru;Legacy;2003;...;/auto-testid/kasutatud/subaru/legacy-(03-)-universaal/kokkuvote/1721/
Subaru;Legacy;1998;2003;/auto-testid/kasutatud/subaru/legacy-(98-03)-universaal/kokkuvote/1723/
Subaru;Legacy;1999;2003;/auto-testid/kasutatud/subaru/legacy-(99-03)-sedaan/kokkuvote/1724/
Suzuki;Alto;1997;2006;/auto-testid/kasutatud/suzuki/alto-(97-06)/kokkuvote/1725/
Suzuki;Grand Vitara;1998;2005;/auto-testid/kasutatud/suzuki/grand-vitara-(98-05)/kokkuvote/1726/
Suzuki;Ignis;2003;2008;/auto-testid/kasutatud/suzuki/ignis-(03-08)/kokkuvote/1727/
Suzuki;Jimny;1998;...;/auto-testid/kasutatud/suzuki/jimny-(98-)/kokkuvote/1728/
Suzuki;Liana;2001;2007;/auto-testid/kasutatud/suzuki/liana-(01-07)-luukpära/kokkuvote/1729/
Suzuki;Liana;2001;2007;/auto-testid/kasutatud/suzuki/liana-(01-07)-sedaan/kokkuvote/1730/
Suzuki;Swift;2005;2010;/auto-testid/kasutatud/suzuki/swift-(05-10)/kokkuvote/1731/
Suzuki;Swift;1992;2003;/auto-testid/kasutatud/suzuki/swift-(92-03)/kokkuvote/1732/
Suzuki;Wagon R;2000;2007;/auto-testid/kasutatud/suzuki/wagon-r-(00-07)/kokkuvote/1733/
Toyota;Avensis;1997;2004;/auto-testid/kasutatud/toyota/avensis-(97-04)-universaal/kokkuvote/1738/
Toyota;Avensis;2003;2008;/auto-testid/kasutatud/toyota/avensis-luukpära-(03-08)/kokkuvote/1735/
Toyota;Avensis;1997;2002;/auto-testid/kasutatud/toyota/avensis-luukpära-(97-02)/kokkuvote/1739/
Toyota;Avensis;2003;2008;/auto-testid/kasutatud/toyota/avensis-sedaan-(03-08)/kokkuvote/1736/
Toyota;Avensis;1997;2002;/auto-testid/kasutatud/toyota/avensis-sedaan-(97-02)/kokkuvote/1740/
Toyota;Avensis;2003;2008;/auto-testid/kasutatud/toyota/avensis-universaal-(03-08)/kokkuvote/1734/
Toyota;Avensis Verso;2003;2006;/auto-testid/kasutatud/toyota/avensis-verso-(03-06)/kokkuvote/1737/
Toyota;Aygo;2005;...;/auto-testid/kasutatud/toyota/aygo-(05-)/kokkuvote/1741/
Toyota;Camry;2001;2004;/auto-testid/kasutatud/toyota/camry-(01-04)/kokkuvote/1742/
Toyota;Celica;1999;2006;/auto-testid/kasutatud/toyota/celica-(99-06)/kokkuvote/1743/
Toyota;Corolla;2001;2007;/auto-testid/kasutatud/toyota/corolla--universaal-(01-07)/kokkuvote/1744/
Toyota;Corolla;1997;2001;/auto-testid/kasutatud/toyota/corolla-(97-01)-luukpära/kokkuvote/1749/
Toyota;Corolla;1997;2002;/auto-testid/kasutatud/toyota/corolla-(97-02)-sedaan/kokkuvote/1750/
Toyota;Corolla;1997;2002;/auto-testid/kasutatud/toyota/corolla-(97-02)-universaal/kokkuvote/1748/
Toyota;Corolla;2001;2007;/auto-testid/kasutatud/toyota/corolla-luukpära-(01-07)/kokkuvote/1745/
Toyota;Corolla;2001;2007;/auto-testid/kasutatud/toyota/corolla-sedaan-(01-07)/kokkuvote/1746/
Toyota;Corolla Verso;2002;2007;/auto-testid/kasutatud/toyota/corolla-verso-(02-07)/kokkuvote/1747/
Toyota;Corolla Verso;2006;...;/auto-testid/kasutatud/toyota/corolla-verso-(06-)/kokkuvote/1762/
Toyota;Land Cruiser;2003;2009;/auto-testid/kasutatud/toyota/land-cruiser-(03-09)/kokkuvote/1751/
Toyota;MR2;2000;2007;/auto-testid/kasutatud/toyota/mr2-(00-07)/kokkuvote/1755/
Toyota;Picnic;1997;2001;/auto-testid/kasutatud/toyota/picnic-(97-01)/kokkuvote/1756/
Toyota;Previa;2000;2006;/auto-testid/kasutatud/toyota/previa-(00-06)/kokkuvote/1757/
Toyota;Prius;2003;2008;/auto-testid/kasutatud/toyota/prius-(03-08)/kokkuvote/1759/
Toyota;RAV4;2000;2005;/auto-testid/kasutatud/toyota/rav4-(00-05)/kokkuvote/1760/
Toyota;RAV4;1994;2000;/auto-testid/kasutatud/toyota/rav4-(94-00)/kokkuvote/1761/
Toyota;Yaris;2003;2005;/auto-testid/kasutatud/toyota/yaris-(03-05)/kokkuvote/1763/
Toyota;Yaris;2006;...;/auto-testid/kasutatud/toyota/yaris-(06-)/kokkuvote/1765/
Toyota;Yaris;1999;2003;/auto-testid/kasutatud/toyota/yaris-(99-03)/kokkuvote/1766/
Toyota;Yaris Verso;1999;2004;/auto-testid/kasutatud/toyota/yaris-verso-(99-04)/kokkuvote/1764/
Volkswagen;Bora;1999;2004;/auto-testid/kasutatud/volkswagen/bora-(99-04)/kokkuvote/1796/
Volkswagen;Golf;2004;2008;/auto-testid/kasutatud/volkswagen/golf-(04-08)/kokkuvote/1797/
Volkswagen;Golf;1997;2003;/auto-testid/kasutatud/volkswagen/golf-(97-03)/kokkuvote/1799/
Volkswagen;Golf Plus;2005;2010;/auto-testid/kasutatud/volkswagen/golf-plus-(05-10)/kokkuvote/1800/
Volkswagen;Golf;1999;2005;/auto-testid/kasutatud/volkswagen/golf-variant-(99-05)/kokkuvote/1798/
Volkswagen;Jetta;2005;2009;/auto-testid/kasutatud/volkswagen/jetta-(05-09)/kokkuvote/1801/
Volkswagen;Lupo;1999;2005;/auto-testid/kasutatud/volkswagen/lupo-(99-05)/kokkuvote/1802/
Volkswagen;New Beetle;1998;2011;/auto-testid/kasutatud/volkswagen/new-beetle-(98-11)/kokkuvote/1795/
Volkswagen;New Beetle;2003;2010;/auto-testid/kasutatud/volkswagen/new-beetle-cabrio-(03-10)/kokkuvote/1794/
Volkswagen;Passat;2005;...;/auto-testid/kasutatud/volkswagen/passat-sedaan-(05-)/kokkuvote/1804/
Volkswagen;Passat;1998;2004;/auto-testid/kasutatud/volkswagen/passat-sedaan-(98-04)/kokkuvote/1806/
Volkswagen;Passat;2005;...;/auto-testid/kasutatud/volkswagen/passat-variant-(05-)/kokkuvote/1803/
Volkswagen;Passat;1998;2004;/auto-testid/kasutatud/volkswagen/passat-variant-(98-04)/kokkuvote/1805/
Volkswagen;Phaeton;2002;...;/auto-testid/kasutatud/volkswagen/phaeton-(02-)/kokkuvote/1807/
Volkswagen;Polo;2002;2004;/auto-testid/kasutatud/volkswagen/polo-(02-04)/kokkuvote/1808/
Volkswagen;Sharan;1995;2009;/auto-testid/kasutatud/volkswagen/sharan-(95-09)/kokkuvote/1810/
Volkswagen;Touareg;2002;2010;/auto-testid/kasutatud/volkswagen/touareg-(02-10)/kokkuvote/1811/
Volkswagen;Touran;2003;...;/auto-testid/kasutatud/volkswagen/touran-(03-)/kokkuvote/1812/
Volvo;C70;1997;2006;/auto-testid/kasutatud/volvo/c70-coupé-(97-06)/kokkuvote/1814/
Volvo;C70;1997;2006;/auto-testid/kasutatud/volvo/c70-kabriolett-(97-06)/kokkuvote/1813/
Volvo;S40;2004;...;/auto-testid/kasutatud/volvo/s40-(04-)/kokkuvote/1815/
Volvo;S40;1996;2004;/auto-testid/kasutatud/volvo/s40-(96-04)/kokkuvote/1816/
Volvo;S60;2000;2009;/auto-testid/kasutatud/volvo/s60-(00-09)/kokkuvote/1817/
Volvo;S80;1998;2006;/auto-testid/kasutatud/volvo/s80-(98-06)/kokkuvote/1818/
Volvo;V40;1996;2004;/auto-testid/kasutatud/volvo/v40-(96-04)/kokkuvote/1819/
Volvo;V50;2004;...;/auto-testid/kasutatud/volvo/v50-(04-)/kokkuvote/1820/
Volvo;V70;2000;2007;/auto-testid/kasutatud/volvo/v70-(00-07)/kokkuvote/1821/
Volvo;V70;1996;2000;/auto-testid/kasutatud/volvo/v70-(96-00)/kokkuvote/1822/
Volvo;XC70;2000;2007;/auto-testid/kasutatud/volvo/xc70-(00-07)/kokkuvote/1823/
Volvo;XC90;2002;...;/auto-testid/kasutatud/volvo/xc90-(02-)/kokkuvote/1824/
